timestamp,device_id,temperature,humidity,alert,hour,day_of_week,month,day,predicted_alert_encoded,predicted_alert,prediction_probability
1970-01-01 00:00:01.776782111,sensor_1,24,19,0,0,3,1,1,0,0,0.0
1970-01-01 00:00:01.776782113,sensor_1,24,19,0,0,3,1,1,0,0,0.0
1970-01-01 00:00:01.776782116,sensor_1,24,19,0,0,3,1,1,0,0,0.0
1970-01-01 00:00:01.776782118,sensor_1,24,19,0,0,3,1,1,0,0,0.0
1970-01-01 00:00:01.776782120,sensor_1,24,19,0,0,3,1,1,0,0,0.0
1970-01-01 00:00:01.776782123,sensor_1,24,19,0,0,3,1,1,0,0,0.0
1970-01-01 00:00:01.776782125,sensor_1,24,19,0,0,3,1,1,0,0,0.0
1970-01-01 00:00:01.776782127,sensor_1,24,18,0,0,3,1,1,0,0,0.0
1970-01-01 00:00:01.776782129,sensor_1,24,18,0,0,3,1,1,0,0,0.0
1970-01-01 00:00:01.776782132,sensor_1,24,19,0,0,3,1,1,0,0,0.0
1970-01-01 00:00:01.776782134,sensor_1,24,19,0,0,3,1,1,0,0,0.0
1970-01-01 00:00:01.776782136,sensor_1,24,20,0,0,3,1,1,0,0,0.0
1970-01-01 00:00:01.776782139,sensor_1,24,21,0,0,3,1,1,0,0,0.0
1970-01-01 00:00:01.776782141,sensor_1,24,21,0,0,3,1,1,0,0,0.0
1970-01-01 00:00:01.776782143,sensor_1,24,21,0,0,3,1,1,0,0,0.0
1970-01-01 00:00:01.776782145,sensor_1,24,21,0,0,3,1,1,0,0,0.0
1970-01-01 00:00:01.776782148,sensor_1,25,79,0,0,3,1,1,0,0,0.0
1970-01-01 00:00:01.776782150,sensor_1,26,95,1,0,3,1,1,1,1,1.0
1970-01-01 00:00:01.776782152,sensor_1,26,95,1,0,3,1,1,1,1,1.0
1970-01-01 00:00:01.776782155,sensor_1,27,95,1,0,3,1,1,1,1,1.0
1970-01-01 00:00:01.776782157,sensor_1,27,95,1,0,3,1,1,1,1,1.0
1970-01-01 00:00:01.776782159,sensor_1,28,95,1,0,3,1,1,1,1,1.0
1970-01-01 00:00:01.776782161,sensor_1,28,95,1,0,3,1,1,1,1,1.0
1970-01-01 00:00:01.776782164,sensor_1,29,95,1,0,3,1,1,1,1,1.0
1970-01-01 00:00:01.776782166,sensor_1,29,95,1,0,3,1,1,1,1,1.0
1970-01-01 00:00:01.776782168,sensor_1,30,95,1,0,3,1,1,1,1,1.0
1970-01-01 00:00:01.776782170,sensor_1,30,95,1,0,3,1,1,1,1,1.0
1970-01-01 00:00:01.776782173,sensor_1,30,95,1,0,3,1,1,1,1,1.0
1970-01-01 00:00:01.776782175,sensor_1,30,95,1,0,3,1,1,1,1,1.0
1970-01-01 00:00:01.776782177,sensor_1,30,95,1,0,3,1,1,1,1,1.0
1970-01-01 00:00:01.776782180,sensor_1,30,95,1,0,3,1,1,1,1,1.0
1970-01-01 00:00:01.776782182,sensor_1,29,95,1,0,3,1,1,1,1,1.0
1970-01-01 00:00:01.776782184,sensor_1,29,95,1,0,3,1,1,1,1,1.0
1970-01-01 00:00:01.776782186,sensor_1,29,95,1,0,3,1,1,1,1,1.0
1970-01-01 00:00:01.776782189,sensor_1,28,95,1,0,3,1,1,1,1,1.0
1970-01-01 00:00:01.776782191,sensor_1,28,95,1,0,3,1,1,1,1,1.0
1970-01-01 00:00:01.776782193,sensor_1,28,95,1,0,3,1,1,1,1,1.0
1970-01-01 00:00:01.776782196,sensor_1,27,95,1,0,3,1,1,1,1,1.0
1970-01-01 00:00:01.776782198,sensor_1,27,95,1,0,3,1,1,1,1,1.0
1970-01-01 00:00:01.776782200,sensor_1,27,95,1,0,3,1,1,1,1,1.0
1970-01-01 00:00:01.776782202,sensor_1,27,95,1,0,3,1,1,1,1,1.0
1970-01-01 00:00:01.776782205,sensor_1,26,95,1,0,3,1,1,1,1,1.0
1970-01-01 00:00:01.776782207,sensor_1,26,95,1,0,3,1,1,1,1,1.0
1970-01-01 00:00:01.776782209,sensor_1,26,95,1,0,3,1,1,1,1,1.0
1970-01-01 00:00:01.776782212,sensor_1,26,95,1,0,3,1,1,1,1,1.0
1970-01-01 00:00:01.776782214,sensor_1,26,95,1,0,3,1,1,1,1,1.0
1970-01-01 00:00:01.776782216,sensor_1,26,95,1,0,3,1,1,1,1,1.0
1970-01-01 00:00:01.776782218,sensor_1,25,95,0,0,3,1,1,0,0,0.0
1970-01-01 00:00:01.776782221,sensor_1,25,95,0,0,3,1,1,0,0,0.0
1970-01-01 00:00:01.776782223,sensor_1,25,95,0,0,3,1,1,0,0,0.0
1970-01-01 00:00:01.776782225,sensor_1,25,95,0,0,3,1,1,0,0,0.0
1970-01-01 00:00:01.776782227,sensor_1,25,95,0,0,3,1,1,0,0,0.0
1970-01-01 00:00:01.776782230,sensor_1,25,80,0,0,3,1,1,0,0,0.0
1970-01-01 00:00:01.776782232,sensor_1,25,95,0,0,3,1,1,0,0,0.0
1970-01-01 00:00:01.776782234,sensor_1,25,95,0,0,3,1,1,0,0,0.0
1970-01-01 00:00:01.776782237,sensor_1,25,95,0,0,3,1,1,0,0,0.0
1970-01-01 00:00:01.776782239,sensor_1,25,71,0,0,3,1,1,0,0,0.0
1970-01-01 00:00:01.776782241,sensor_1,25,63,0,0,3,1,1,0,0,0.0
1970-01-01 00:00:01.776782243,sensor_1,25,58,0,0,3,1,1,0,0,0.0
1970-01-01 00:00:01.776782246,sensor_1,25,53,0,0,3,1,1,0,0,0.0
1970-01-01 00:00:01.776782248,sensor_1,25,47,0,0,3,1,1,0,0,0.0
1970-01-01 00:00:01.776782250,sensor_1,25,42,0,0,3,1,1,0,0,0.01
1970-01-01 00:00:01.776782253,sensor_1,25,38,0,0,3,1,1,0,0,0.0
1970-01-01 00:00:01.776782255,sensor_1,25,35,0,0,3,1,1,0,0,0.0
1970-01-01 00:00:01.776782257,sensor_1,25,31,0,0,3,1,1,0,0,0.005
1970-01-01 00:00:01.776782259,sensor_1,25,29,0,0,3,1,1,0,0,0.0
1970-01-01 00:00:01.776782262,sensor_1,25,29,0,0,3,1,1,0,0,0.0
1970-01-01 00:00:01.776782264,sensor_1,25,28,0,0,3,1,1,0,0,0.0
1970-01-01 00:00:01.776782266,sensor_1,25,27,0,0,3,1,1,0,0,0.0
1970-01-01 00:00:01.776782269,sensor_1,25,26,0,0,3,1,1,0,0,0.0
1970-01-01 00:00:01.776782271,sensor_1,25,26,0,0,3,1,1,0,0,0.0
1970-01-01 00:00:01.776782273,sensor_1,25,25,0,0,3,1,1,0,0,0.0
1970-01-01 00:00:01.776782275,sensor_1,25,24,0,0,3,1,1,0,0,0.0
1970-01-01 00:00:01.776782278,sensor_1,25,24,0,0,3,1,1,0,0,0.0
1970-01-01 00:00:01.776782280,sensor_1,25,24,0,0,3,1,1,0,0,0.0
1970-01-01 00:00:01.776782282,sensor_1,25,24,0,0,3,1,1,0,0,0.0
1970-01-01 00:00:01.776782284,sensor_1,25,25,0,0,3,1,1,0,0,0.0
1970-01-01 00:00:01.776782287,sensor_1,25,28,0,0,3,1,1,0,0,0.0
1970-01-01 00:00:01.776782289,sensor_1,25,29,0,0,3,1,1,0,0,0.0
1970-01-01 00:00:01.776782291,sensor_1,25,30,0,0,3,1,1,0,0,0.0
1970-01-01 00:00:01.776782294,sensor_1,25,31,0,0,3,1,1,0,0,0.005
1970-01-01 00:00:01.776782296,sensor_1,25,31,0,0,3,1,1,0,0,0.005
1970-01-01 00:00:01.776782298,sensor_1,25,32,0,0,3,1,1,0,0,0.025
1970-01-01 00:00:01.776782300,sensor_1,25,34,0,0,3,1,1,0,0,0.0
1970-01-01 00:00:01.776782303,sensor_1,25,35,0,0,3,1,1,0,0,0.0
1970-01-01 00:00:01.776782305,sensor_1,25,36,0,0,3,1,1,0,0,0.005
1970-01-01 00:00:01.776782307,sensor_1,25,38,0,0,3,1,1,0,0,0.0
1970-01-01 00:00:01.776782310,sensor_1,25,39,0,0,3,1,1,0,0,0.0
1970-01-01 00:00:01.776782312,sensor_1,25,40,0,0,3,1,1,0,0,0.01
1970-01-01 00:00:01.776782314,sensor_1,25,41,0,0,3,1,1,0,0,0.0
1970-01-01 00:00:01.776782316,sensor_1,26,42,1,0,3,1,1,1,1,0.99
1970-01-01 00:00:01.776782319,sensor_1,26,42,1,0,3,1,1,1,1,0.99
1970-01-01 00:00:01.776782321,sensor_1,26,43,1,0,3,1,1,1,1,0.99
1970-01-01 00:00:01.776782323,sensor_1,26,39,1,0,3,1,1,1,1,0.995
1970-01-01 00:00:01.776782326,sensor_1,26,36,1,0,3,1,1,1,1,1.0
1970-01-01 00:00:01.776782328,sensor_1,26,36,1,0,3,1,1,1,1,1.0
1970-01-01 00:00:01.776782330,sensor_1,26,37,1,0,3,1,1,1,1,1.0
1970-01-01 00:00:01.776782332,sensor_1,26,37,1,0,3,1,1,1,1,1.0
1970-01-01 00:00:01.776782335,sensor_1,26,36,1,0,3,1,1,1,1,1.0
1970-01-01 00:00:01.776782337,sensor_1,26,37,1,0,3,1,1,1,1,1.0
1970-01-01 00:00:01.776782339,sensor_1,26,40,1,0,3,1,1,1,1,1.0
1970-01-01 00:00:01.776782341,sensor_1,26,42,1,0,3,1,1,1,1,0.99
1970-01-01 00:00:01.776782344,sensor_1,26,40,1,0,3,1,1,1,1,1.0
1970-01-01 00:00:01.776782346,sensor_1,26,40,1,0,3,1,1,1,1,1.0
1970-01-01 00:00:01.776782348,sensor_1,26,40,1,0,3,1,1,1,1,1.0
1970-01-01 00:00:01.776782351,sensor_1,26,38,1,0,3,1,1,1,1,1.0
1970-01-01 00:00:01.776782353,sensor_1,26,36,1,0,3,1,1,1,1,1.0
1970-01-01 00:00:01.776782355,sensor_1,26,38,1,0,3,1,1,1,1,1.0
1970-01-01 00:00:01.776782357,sensor_1,26,38,1,0,3,1,1,1,1,1.0
1970-01-01 00:00:01.776782360,sensor_1,27,36,1,0,3,1,1,1,1,1.0
1970-01-01 00:00:01.776782362,sensor_1,27,35,1,0,3,1,1,1,1,0.995
1970-01-01 00:00:01.776782364,sensor_1,27,32,1,0,3,1,1,1,1,0.99
1970-01-01 00:00:01.776782367,sensor_1,27,33,1,0,3,1,1,1,1,0.985
1970-01-01 00:00:01.776782369,sensor_1,27,34,1,0,3,1,1,1,1,0.995
1970-01-01 00:00:01.776782371,sensor_1,27,37,1,0,3,1,1,1,1,1.0
1970-01-01 00:00:01.776782373,sensor_1,27,35,1,0,3,1,1,1,1,0.995
1970-01-01 00:00:01.776782376,sensor_1,27,32,1,0,3,1,1,1,1,0.99
1970-01-01 00:00:01.776782378,sensor_1,27,32,1,0,3,1,1,1,1,0.99
1970-01-01 00:00:01.776782380,sensor_1,27,29,1,0,3,1,1,1,1,0.95
1970-01-01 00:00:01.776782383,sensor_1,27,27,1,0,3,1,1,1,1,0.975
1970-01-01 00:00:01.776782385,sensor_1,27,25,1,0,3,1,1,1,1,0.98
1970-01-01 00:00:01.776782387,sensor_1,27,23,1,0,3,1,1,1,1,0.995
1970-01-01 00:00:01.776782389,sensor_1,27,22,1,0,3,1,1,1,1,0.99
1970-01-01 00:00:01.776782392,sensor_1,27,22,1,0,3,1,1,1,1,0.99
1970-01-01 00:00:01.776782394,sensor_1,27,21,1,0,3,1,1,1,1,0.995
1970-01-01 00:00:01.776782396,sensor_1,27,20,1,0,3,1,1,1,1,1.0
1970-01-01 00:00:01.776782398,sensor_1,27,20,1,0,3,1,1,1,1,1.0
1970-01-01 00:00:01.776782401,sensor_1,27,20,1,0,3,1,1,1,1,1.0
1970-01-01 00:00:01.776782403,sensor_1,27,19,1,0,3,1,1,1,1,1.0
1970-01-01 00:00:01.776782405,sensor_1,27,19,1,0,3,1,1,1,1,1.0
1970-01-01 00:00:01.776782408,sensor_1,27,19,1,0,3,1,1,1,1,1.0
1970-01-01 00:00:01.776782410,sensor_1,27,19,1,0,3,1,1,1,1,1.0
1970-01-01 00:00:01.776782412,sensor_1,27,19,1,0,3,1,1,1,1,1.0
1970-01-01 00:00:01.776782414,sensor_1,27,19,1,0,3,1,1,1,1,1.0
1970-01-01 00:00:01.776782417,sensor_1,26,18,1,0,3,1,1,1,1,1.0
1970-01-01 00:00:01.776782419,sensor_1,26,18,1,0,3,1,1,1,1,1.0
1970-01-01 00:00:01.776782421,sensor_1,26,18,1,0,3,1,1,1,1,1.0
1970-01-01 00:00:01.776782424,sensor_1,26,18,1,0,3,1,1,1,1,1.0
1970-01-01 00:00:01.776782426,sensor_1,26,18,1,0,3,1,1,1,1,1.0
1970-01-01 00:00:01.776782428,sensor_1,26,18,1,0,3,1,1,1,1,1.0
1970-01-01 00:00:01.776782430,sensor_1,26,18,1,0,3,1,1,1,1,1.0
1970-01-01 00:00:01.776782433,sensor_1,26,18,1,0,3,1,1,1,1,1.0
1970-01-01 00:00:01.776782435,sensor_1,26,18,1,0,3,1,1,1,1,1.0
1970-01-01 00:00:01.776782437,sensor_1,26,18,1,0,3,1,1,1,1,1.0
1970-01-01 00:00:01.776782440,sensor_1,26,18,1,0,3,1,1,1,1,1.0
1970-01-01 00:00:01.776782442,sensor_1,26,18,1,0,3,1,1,1,1,1.0
1970-01-01 00:00:01.776782444,sensor_1,26,18,1,0,3,1,1,1,1,1.0
1970-01-01 00:00:01.776782446,sensor_1,26,18,1,0,3,1,1,1,1,1.0
1970-01-01 00:00:01.776782449,sensor_1,26,18,1,0,3,1,1,1,1,1.0
1970-01-01 00:00:01.776782451,sensor_1,26,18,1,0,3,1,1,1,1,1.0
1970-01-01 00:00:01.776782453,sensor_1,26,18,1,0,3,1,1,1,1,1.0
1970-01-01 00:00:01.776782455,sensor_1,26,18,1,0,3,1,1,1,1,1.0
1970-01-01 00:00:01.776782458,sensor_1,26,18,1,0,3,1,1,1,1,1.0
1970-01-01 00:00:01.776782460,sensor_1,26,18,1,0,3,1,1,1,1,1.0
1970-01-01 00:00:01.776782462,sensor_1,26,18,1,0,3,1,1,1,1,1.0
1970-01-01 00:00:01.776782465,sensor_1,26,18,1,0,3,1,1,1,1,1.0
1970-01-01 00:00:01.776782467,sensor_1,26,18,1,0,3,1,1,1,1,1.0
1970-01-01 00:00:01.776782469,sensor_1,26,18,1,0,3,1,1,1,1,1.0
1970-01-01 00:00:01.776782471,sensor_1,26,18,1,0,3,1,1,1,1,1.0
1970-01-01 00:00:01.776782474,sensor_1,26,18,1,0,3,1,1,1,1,1.0
1970-01-01 00:00:01.776782476,sensor_1,26,18,1,0,3,1,1,1,1,1.0
1970-01-01 00:00:01.776782478,sensor_1,26,18,1,0,3,1,1,1,1,1.0
1970-01-01 00:00:01.776782481,sensor_1,26,18,1,0,3,1,1,1,1,1.0
1970-01-01 00:00:01.776782483,sensor_1,26,18,1,0,3,1,1,1,1,1.0
1970-01-01 00:00:01.776782485,sensor_1,26,18,1,0,3,1,1,1,1,1.0
1970-01-01 00:00:01.776782487,sensor_1,26,18,1,0,3,1,1,1,1,1.0
1970-01-01 00:00:01.776782490,sensor_1,26,19,1,0,3,1,1,1,1,0.91
1970-01-01 00:00:01.776782492,sensor_1,26,18,1,0,3,1,1,1,1,1.0
1970-01-01 00:00:01.776782494,sensor_1,26,19,1,0,3,1,1,1,1,0.91
1970-01-01 00:00:01.776782497,sensor_1,25,17,0,0,3,1,1,0,0,0.0
1970-01-01 00:00:01.776782499,sensor_1,25,18,0,0,3,1,1,0,0,0.0
1970-01-01 00:00:01.776782501,sensor_1,25,17,0,0,3,1,1,0,0,0.0
1970-01-01 00:00:01.776782503,sensor_1,25,17,0,0,3,1,1,0,0,0.0
1970-01-01 00:00:01.776782506,sensor_1,25,17,0,0,3,1,1,0,0,0.0
1970-01-01 00:00:01.776782508,sensor_1,25,17,0,0,3,1,1,0,0,0.0
1970-01-01 00:00:01.776782510,sensor_1,25,17,0,0,3,1,1,0,0,0.0
1970-01-01 00:00:01.776782512,sensor_1,25,18,0,0,3,1,1,0,0,0.0
1970-01-01 00:00:01.776782515,sensor_1,25,17,0,0,3,1,1,0,0,0.0
1970-01-01 00:00:01.776782517,sensor_1,25,18,0,0,3,1,1,0,0,0.0
1970-01-01 00:00:01.776782519,sensor_1,25,18,0,0,3,1,1,0,0,0.0
1970-01-01 00:00:01.776782522,sensor_1,25,18,0,0,3,1,1,0,0,0.0
1970-01-01 00:00:01.776782524,sensor_1,25,18,0,0,3,1,1,0,0,0.0
1970-01-01 00:00:01.776782526,sensor_1,25,18,0,0,3,1,1,0,0,0.0
1970-01-01 00:00:01.776782528,sensor_1,25,18,0,0,3,1,1,0,0,0.0
1970-01-01 00:00:01.776782531,sensor_1,25,18,0,0,3,1,1,0,0,0.0
1970-01-01 00:00:01.776782533,sensor_1,25,17,0,0,3,1,1,0,0,0.0
1970-01-01 00:00:01.776782535,sensor_1,25,18,0,0,3,1,1,0,0,0.0
1970-01-01 00:00:01.776782538,sensor_1,25,18,0,0,3,1,1,0,0,0.0
1970-01-01 00:00:01.776782540,sensor_1,25,18,0,0,3,1,1,0,0,0.0
1970-01-01 00:00:01.776782542,sensor_1,25,18,0,0,3,1,1,0,0,0.0
1970-01-01 00:00:01.776782544,sensor_1,25,18,0,0,3,1,1,0,0,0.0
1970-01-01 00:00:01.776782547,sensor_1,25,18,0,0,3,1,1,0,0,0.0
1970-01-01 00:00:01.776782549,sensor_1,25,18,0,0,3,1,1,0,0,0.0
1970-01-01 00:00:01.776782551,sensor_1,25,18,0,0,3,1,1,0,0,0.0
1970-01-01 00:00:01.776782554,sensor_1,25,18,0,0,3,1,1,0,0,0.0
1970-01-01 00:00:01.776782556,sensor_1,25,18,0,0,3,1,1,0,0,0.0
1970-01-01 00:00:01.776782558,sensor_1,25,18,0,0,3,1,1,0,0,0.0
1970-01-01 00:00:01.776782560,sensor_1,25,18,0,0,3,1,1,0,0,0.0
1970-01-01 00:00:01.776782563,sensor_1,25,18,0,0,3,1,1,0,0,0.0
1970-01-01 00:00:01.776782565,sensor_1,25,18,0,0,3,1,1,0,0,0.0
1970-01-01 00:00:01.776782567,sensor_1,25,18,0,0,3,1,1,0,0,0.0
1970-01-01 00:00:01.776782569,sensor_1,25,18,0,0,3,1,1,0,0,0.0
1970-01-01 00:00:01.776782572,sensor_1,25,18,0,0,3,1,1,0,0,0.0
1970-01-01 00:00:01.776782574,sensor_1,25,18,0,0,3,1,1,0,0,0.0
1970-01-01 00:00:01.776782576,sensor_1,25,18,0,0,3,1,1,0,0,0.0
1970-01-01 00:00:01.776782579,sensor_1,25,18,0,0,3,1,1,0,0,0.0
1970-01-01 00:00:01.776782581,sensor_1,25,18,0,0,3,1,1,0,0,0.0
1970-01-01 00:00:01.776782583,sensor_1,25,18,0,0,3,1,1,0,0,0.0
1970-01-01 00:00:01.776782585,sensor_1,25,18,0,0,3,1,1,0,0,0.0
1970-01-01 00:00:01.776782588,sensor_1,25,19,0,0,3,1,1,0,0,0.0
1970-01-01 00:00:01.776782590,sensor_1,25,20,0,0,3,1,1,0,0,0.0
1970-01-01 00:00:01.776782592,sensor_1,25,21,0,0,3,1,1,0,0,0.0
1970-01-01 00:00:01.776782595,sensor_1,25,22,0,0,3,1,1,0,0,0.0
1970-01-01 00:00:01.776782597,sensor_1,24,22,0,0,3,1,1,0,0,0.0
1970-01-01 00:00:01.776782599,sensor_1,24,22,0,0,3,1,1,0,0,0.0
1970-01-01 00:00:01.776782601,sensor_1,24,23,0,0,3,1,1,0,0,0.0
1970-01-01 00:00:01.776782604,sensor_1,24,24,0,0,3,1,1,0,0,0.0
1970-01-01 00:00:01.776782606,sensor_1,24,25,0,0,3,1,1,0,0,0.0
1970-01-01 00:00:01.776782608,sensor_1,24,25,0,0,3,1,1,0,0,0.0
1970-01-01 00:00:01.776782611,sensor_1,24,26,0,0,3,1,1,0,0,0.0
1970-01-01 00:00:01.776782613,sensor_1,24,26,0,0,3,1,1,0,0,0.0
1970-01-01 00:00:01.776782615,sensor_1,23,26,0,0,3,1,1,0,0,0.0
1970-01-01 00:00:01.776782617,sensor_1,23,27,0,0,3,1,1,0,0,0.0
1970-01-01 00:00:01.776782620,sensor_1,23,27,0,0,3,1,1,0,0,0.0
1970-01-01 00:00:01.776782622,sensor_1,23,27,0,0,3,1,1,0,0,0.0
1970-01-01 00:00:01.776782624,sensor_1,23,27,0,0,3,1,1,0,0,0.0
1970-01-01 00:00:01.776782626,sensor_1,23,27,0,0,3,1,1,0,0,0.0
1970-01-01 00:00:01.776782629,sensor_1,23,28,0,0,3,1,1,0,0,0.0
1970-01-01 00:00:01.776782631,sensor_1,23,28,0,0,3,1,1,0,0,0.0
1970-01-01 00:00:01.776782633,sensor_1,22,28,0,0,3,1,1,0,0,0.0
1970-01-01 00:00:01.776782636,sensor_1,22,28,0,0,3,1,1,0,0,0.0
1970-01-01 00:00:01.776782638,sensor_1,22,28,0,0,3,1,1,0,0,0.0
1970-01-01 00:00:01.776782640,sensor_1,22,28,0,0,3,1,1,0,0,0.0
1970-01-01 00:00:01.776782642,sensor_1,22,29,0,0,3,1,1,0,0,0.0
1970-01-01 00:00:01.776782645,sensor_1,22,29,0,0,3,1,1,0,0,0.0
1970-01-01 00:00:01.776782647,sensor_1,22,28,0,0,3,1,1,0,0,0.0
1970-01-01 00:00:01.776782649,sensor_1,22,27,0,0,3,1,1,0,0,0.0
1970-01-01 00:00:01.776782652,sensor_1,22,27,0,0,3,1,1,0,0,0.0
1970-01-01 00:00:01.776782654,sensor_1,22,27,0,0,3,1,1,0,0,0.0
1970-01-01 00:00:01.776782656,sensor_1,22,27,0,0,3,1,1,0,0,0.0
1970-01-01 00:00:01.776782658,sensor_1,22,27,0,0,3,1,1,0,0,0.0
1970-01-01 00:00:01.776782661,sensor_1,22,26,0,0,3,1,1,0,0,0.0
1970-01-01 00:00:01.776782663,sensor_1,22,26,0,0,3,1,1,0,0,0.0
1970-01-01 00:00:01.776782665,sensor_1,22,26,0,0,3,1,1,0,0,0.0
1970-01-01 00:00:01.776782668,sensor_1,22,27,0,0,3,1,1,0,0,0.0
1970-01-01 00:00:01.776782670,sensor_1,22,26,0,0,3,1,1,0,0,0.0
1970-01-01 00:00:01.776782672,sensor_1,22,26,0,0,3,1,1,0,0,0.0
1970-01-01 00:00:01.776782674,sensor_1,22,26,0,0,3,1,1,0,0,0.0
1970-01-01 00:00:01.776782677,sensor_1,22,26,0,0,3,1,1,0,0,0.0
1970-01-01 00:00:01.776782679,sensor_1,22,25,0,0,3,1,1,0,0,0.0
1970-01-01 00:00:01.776782681,sensor_1,22,25,0,0,3,1,1,0,0,0.0
1970-01-01 00:00:01.776782683,sensor_1,22,25,0,0,3,1,1,0,0,0.0
1970-01-01 00:00:01.776782686,sensor_1,22,26,0,0,3,1,1,0,0,0.0
1970-01-01 00:00:01.776782688,sensor_1,22,26,0,0,3,1,1,0,0,0.0
1970-01-01 00:00:01.776782690,sensor_1,22,26,0,0,3,1,1,0,0,0.0
1970-01-01 00:00:01.776782693,sensor_1,22,26,0,0,3,1,1,0,0,0.0
1970-01-01 00:00:01.776782695,sensor_1,22,26,0,0,3,1,1,0,0,0.0
1970-01-01 00:00:01.776782697,sensor_1,22,25,0,0,3,1,1,0,0,0.0
1970-01-01 00:00:01.776782699,sensor_1,22,25,0,0,3,1,1,0,0,0.0
1970-01-01 00:00:01.776782702,sensor_1,22,25,0,0,3,1,1,0,0,0.0
1970-01-01 00:00:01.776782704,sensor_1,23,25,0,0,3,1,1,0,0,0.0
1970-01-01 00:00:01.776782706,sensor_1,23,25,0,0,3,1,1,0,0,0.0
1970-01-01 00:00:01.776782709,sensor_1,23,24,0,0,3,1,1,0,0,0.0
1970-01-01 00:00:01.776782711,sensor_1,23,24,0,0,3,1,1,0,0,0.0
1970-01-01 00:00:01.776782713,sensor_1,23,24,0,0,3,1,1,0,0,0.0
1970-01-01 00:00:01.776782715,sensor_1,23,24,0,0,3,1,1,0,0,0.0
1970-01-01 00:00:01.776782718,sensor_1,23,24,0,0,3,1,1,0,0,0.0
1970-01-01 00:00:01.776782720,sensor_1,23,24,0,0,3,1,1,0,0,0.0
1970-01-01 00:00:01.776782722,sensor_1,23,24,0,0,3,1,1,0,0,0.0
1970-01-01 00:00:01.776782725,sensor_1,23,24,0,0,3,1,1,0,0,0.0
1970-01-01 00:00:01.776782727,sensor_1,23,24,0,0,3,1,1,0,0,0.0
1970-01-01 00:00:01.776782729,sensor_1,23,24,0,0,3,1,1,0,0,0.0
1970-01-01 00:00:01.776782731,sensor_1,23,24,0,0,3,1,1,0,0,0.0
1970-01-01 00:00:01.776782734,sensor_1,23,25,0,0,3,1,1,0,0,0.0
1970-01-01 00:00:01.776782736,sensor_1,23,24,0,0,3,1,1,0,0,0.0
1970-01-01 00:00:01.776782738,sensor_1,23,24,0,0,3,1,1,0,0,0.0
1970-01-01 00:00:01.776782740,sensor_1,23,24,0,0,3,1,1,0,0,0.0
1970-01-01 00:00:01.776782743,sensor_1,23,24,0,0,3,1,1,0,0,0.0
1970-01-01 00:00:01.776782745,sensor_1,23,23,0,0,3,1,1,0,0,0.0
1970-01-01 00:00:01.776782747,sensor_1,23,23,0,0,3,1,1,0,0,0.0
1970-01-01 00:00:01.776782750,sensor_1,23,23,0,0,3,1,1,0,0,0.0
1970-01-01 00:00:01.776782752,sensor_1,23,23,0,0,3,1,1,0,0,0.0
1970-01-01 00:00:01.776782754,sensor_1,23,22,0,0,3,1,1,0,0,0.0
1970-01-01 00:00:01.776782756,sensor_1,23,22,0,0,3,1,1,0,0,0.0
1970-01-01 00:00:01.776782759,sensor_1,23,22,0,0,3,1,1,0,0,0.0
1970-01-01 00:00:01.776782761,sensor_1,23,22,0,0,3,1,1,0,0,0.0
1970-01-01 00:00:01.776782763,sensor_1,23,22,0,0,3,1,1,0,0,0.0
1970-01-01 00:00:01.776782766,sensor_1,23,22,0,0,3,1,1,0,0,0.0
1970-01-01 00:00:01.776782768,sensor_1,24,22,0,0,3,1,1,0,0,0.0
1970-01-01 00:00:01.776782770,sensor_1,24,22,0,0,3,1,1,0,0,0.0
1970-01-01 00:00:01.776782772,sensor_1,24,22,0,0,3,1,1,0,0,0.0
1970-01-01 00:00:01.776782775,sensor_1,24,21,0,0,3,1,1,0,0,0.0
1970-01-01 00:00:01.776782777,sensor_1,24,21,0,0,3,1,1,0,0,0.0
1970-01-01 00:00:01.776782779,sensor_1,24,21,0,0,3,1,1,0,0,0.0
1970-01-01 00:00:01.776782782,sensor_1,24,21,0,0,3,1,1,0,0,0.0
1970-01-01 00:00:01.776782784,sensor_1,24,21,0,0,3,1,1,0,0,0.0
1970-01-01 00:00:01.776782786,sensor_1,24,21,0,0,3,1,1,0,0,0.0
1970-01-01 00:00:01.776782788,sensor_1,24,21,0,0,3,1,1,0,0,0.0
1970-01-01 00:00:01.776782791,sensor_1,24,21,0,0,3,1,1,0,0,0.0
1970-01-01 00:00:01.776782793,sensor_1,24,21,0,0,3,1,1,0,0,0.0
1970-01-01 00:00:01.776782795,sensor_1,24,20,0,0,3,1,1,0,0,0.0
1970-01-01 00:00:01.776782797,sensor_1,24,20,0,0,3,1,1,0,0,0.0
1970-01-01 00:00:01.776782800,sensor_1,24,20,0,0,3,1,1,0,0,0.0
1970-01-01 00:00:01.776782802,sensor_1,24,20,0,0,3,1,1,0,0,0.0
1970-01-01 00:00:01.776782804,sensor_1,24,20,0,0,3,1,1,0,0,0.0
1970-01-01 00:00:01.776782807,sensor_1,24,20,0,0,3,1,1,0,0,0.0
1970-01-01 00:00:01.776782809,sensor_1,24,20,0,0,3,1,1,0,0,0.0
1970-01-01 00:00:01.776782811,sensor_1,24,20,0,0,3,1,1,0,0,0.0
1970-01-01 00:00:01.776782813,sensor_1,24,21,0,0,3,1,1,0,0,0.0
1970-01-01 00:00:01.776782816,sensor_1,24,20,0,0,3,1,1,0,0,0.0
1970-01-01 00:00:01.776782818,sensor_1,24,20,0,0,3,1,1,0,0,0.0
1970-01-01 00:00:01.776782820,sensor_1,24,20,0,0,3,1,1,0,0,0.0
1970-01-01 00:00:01.776782823,sensor_1,24,20,0,0,3,1,1,0,0,0.0
1970-01-01 00:00:01.776782825,sensor_1,24,20,0,0,3,1,1,0,0,0.0
1970-01-01 00:00:01.776782827,sensor_1,24,20,0,0,3,1,1,0,0,0.0
1970-01-01 00:00:01.776782829,sensor_1,24,20,0,0,3,1,1,0,0,0.0
1970-01-01 00:00:01.776782832,sensor_1,24,20,0,0,3,1,1,0,0,0.0
1970-01-01 00:00:01.776782834,sensor_1,24,20,0,0,3,1,1,0,0,0.0
1970-01-01 00:00:01.776782836,sensor_1,24,20,0,0,3,1,1,0,0,0.0
1970-01-01 00:00:01.776782839,sensor_1,24,20,0,0,3,1,1,0,0,0.0
1970-01-01 00:00:01.776782841,sensor_1,24,20,0,0,3,1,1,0,0,0.0
1970-01-01 00:00:01.776782843,sensor_1,24,20,0,0,3,1,1,0,0,0.0
1970-01-01 00:00:01.776782845,sensor_1,24,63,0,0,3,1,1,0,0,0.0
1970-01-01 00:00:01.776782848,sensor_1,25,87,0,0,3,1,1,0,0,0.0
1970-01-01 00:00:01.776782850,sensor_1,26,95,1,0,3,1,1,1,1,1.0
1970-01-01 00:00:01.776782852,sensor_1,26,95,1,0,3,1,1,1,1,1.0
1970-01-01 00:00:01.776782854,sensor_1,27,95,1,0,3,1,1,1,1,1.0
1970-01-01 00:00:01.776782857,sensor_1,28,95,1,0,3,1,1,1,1,1.0
1970-01-01 00:00:01.776782859,sensor_1,28,86,1,0,3,1,1,1,1,0.915
1970-01-01 00:00:01.776782861,sensor_1,29,95,1,0,3,1,1,1,1,1.0
1970-01-01 00:00:01.776782864,sensor_1,29,95,1,0,3,1,1,1,1,1.0
1970-01-01 00:00:01.776782866,sensor_1,29,95,1,0,3,1,1,1,1,1.0
1970-01-01 00:00:01.776782868,sensor_1,29,95,1,0,3,1,1,1,1,1.0
1970-01-01 00:00:01.776782870,sensor_1,29,95,1,0,3,1,1,1,1,1.0
1970-01-01 00:00:01.776782873,sensor_1,29,95,1,0,3,1,1,1,1,1.0
1970-01-01 00:00:01.776782875,sensor_1,29,95,1,0,3,1,1,1,1,1.0
1970-01-01 00:00:01.776782877,sensor_1,28,95,1,0,3,1,1,1,1,1.0
1970-01-01 00:00:01.776782880,sensor_1,28,95,1,0,3,1,1,1,1,1.0
1970-01-01 00:00:01.776782882,sensor_1,28,95,1,0,3,1,1,1,1,1.0
1970-01-01 00:00:01.776782884,sensor_1,27,95,1,0,3,1,1,1,1,1.0
1970-01-01 00:00:01.776782886,sensor_1,27,95,1,0,3,1,1,1,1,1.0
1970-01-01 00:00:01.776782889,sensor_1,27,95,1,0,3,1,1,1,1,1.0
1970-01-01 00:00:01.776782891,sensor_1,27,95,1,0,3,1,1,1,1,1.0
1970-01-01 00:00:01.776782893,sensor_1,26,95,1,0,3,1,1,1,1,1.0
1970-01-01 00:00:01.776782896,sensor_1,26,95,1,0,3,1,1,1,1,1.0
1970-01-01 00:00:01.776782898,sensor_1,26,95,1,0,3,1,1,1,1,1.0
1970-01-01 00:00:01.776782900,sensor_1,26,95,1,0,3,1,1,1,1,1.0
1970-01-01 00:00:01.776782902,sensor_1,26,95,1,0,3,1,1,1,1,1.0
1970-01-01 00:00:01.776782905,sensor_1,25,95,0,0,3,1,1,0,0,0.0
1970-01-01 00:00:01.776782907,sensor_1,25,95,0,0,3,1,1,0,0,0.0
1970-01-01 00:00:01.776782909,sensor_1,25,95,0,0,3,1,1,0,0,0.0
1970-01-01 00:00:01.776782911,sensor_1,25,95,0,0,3,1,1,0,0,0.0
1970-01-01 00:00:01.776782914,sensor_1,25,95,0,0,3,1,1,0,0,0.0
1970-01-01 00:00:01.776782916,sensor_1,25,95,0,0,3,1,1,0,0,0.0
1970-01-01 00:00:01.776782918,sensor_1,25,95,0,0,3,1,1,0,0,0.0
1970-01-01 00:00:01.776782921,sensor_1,25,95,0,0,3,1,1,0,0,0.0
1970-01-01 00:00:01.776782923,sensor_1,24,95,0,0,3,1,1,0,0,0.0
1970-01-01 00:00:01.776782925,sensor_1,24,95,0,0,3,1,1,0,0,0.0
1970-01-01 00:00:01.776782927,sensor_1,24,81,0,0,3,1,1,0,0,0.0
1970-01-01 00:00:01.776782930,sensor_1,24,95,0,0,3,1,1,0,0,0.0
1970-01-01 00:00:01.776782932,sensor_1,24,87,0,0,3,1,1,0,0,0.0
1970-01-01 00:00:01.776782934,sensor_1,24,78,0,0,3,1,1,0,0,0.0
1970-01-01 00:00:01.776782937,sensor_1,24,72,0,0,3,1,1,0,0,0.0
1970-01-01 00:00:01.776782939,sensor_1,24,66,0,0,3,1,1,0,0,0.0
1970-01-01 00:00:01.776782941,sensor_1,24,60,0,0,3,1,1,0,0,0.0
1970-01-01 00:00:01.776782943,sensor_1,24,55,0,0,3,1,1,0,0,0.0
1970-01-01 00:00:01.776782946,sensor_1,24,50,0,0,3,1,1,0,0,0.0
1970-01-01 00:00:01.776782948,sensor_1,24,45,0,0,3,1,1,0,0,0.0
1970-01-01 00:00:01.776782950,sensor_1,24,41,0,0,3,1,1,0,0,0.0
1970-01-01 00:00:01.776782953,sensor_1,24,38,0,0,3,1,1,0,0,0.0
1970-01-01 00:00:01.776782955,sensor_1,24,35,0,0,3,1,1,0,0,0.0
1970-01-01 00:00:01.776782957,sensor_1,24,33,0,0,3,1,1,0,0,0.005
1970-01-01 00:00:01.776782959,sensor_1,24,31,0,0,3,1,1,0,0,0.005
1970-01-01 00:00:01.776782962,sensor_1,24,30,0,0,3,1,1,0,0,0.0
1970-01-01 00:00:01.776782964,sensor_1,24,29,0,0,3,1,1,0,0,0.0
1970-01-01 00:00:01.776782966,sensor_1,24,29,0,0,3,1,1,0,0,0.0
1970-01-01 00:00:01.776782968,sensor_1,24,29,0,0,3,1,1,0,0,0.0
1970-01-01 00:00:01.776782971,sensor_1,24,28,0,0,3,1,1,0,0,0.0
1970-01-01 00:00:01.776782973,sensor_1,24,27,0,0,3,1,1,0,0,0.0
1970-01-01 00:00:01.776782975,sensor_1,24,26,0,0,3,1,1,0,0,0.0
1970-01-01 00:00:01.776782978,sensor_1,24,26,0,0,3,1,1,0,0,0.0
1970-01-01 00:00:01.776782980,sensor_1,24,25,0,0,3,1,1,0,0,0.0
1970-01-01 00:00:01.776782982,sensor_1,24,24,0,0,3,1,1,0,0,0.0
1970-01-01 00:00:01.776782984,sensor_1,24,24,0,0,3,1,1,0,0,0.0
1970-01-01 00:00:01.776782987,sensor_1,24,24,0,0,3,1,1,0,0,0.0
1970-01-01 00:00:01.776782989,sensor_1,24,24,0,0,3,1,1,0,0,0.0
1970-01-01 00:00:01.776782991,sensor_1,24,24,0,0,3,1,1,0,0,0.0
1970-01-01 00:00:01.776782994,sensor_1,24,23,0,0,3,1,1,0,0,0.0
1970-01-01 00:00:01.776782996,sensor_1,24,23,0,0,3,1,1,0,0,0.0
1970-01-01 00:00:01.776782998,sensor_1,24,23,0,0,3,1,1,0,0,0.0
1970-01-01 00:00:01.776783000,sensor_1,24,23,0,0,3,1,1,0,0,0.0
1970-01-01 00:00:01.776783003,sensor_1,24,23,0,0,3,1,1,0,0,0.0
1970-01-01 00:00:01.776783005,sensor_1,24,23,0,0,3,1,1,0,0,0.0
1970-01-01 00:00:01.776783007,sensor_1,24,23,0,0,3,1,1,0,0,0.0
1970-01-01 00:00:01.776783010,sensor_1,24,23,0,0,3,1,1,0,0,0.0
1970-01-01 00:00:01.776783012,sensor_1,24,23,0,0,3,1,1,0,0,0.0
1970-01-01 00:00:01.776783014,sensor_1,24,22,0,0,3,1,1,0,0,0.0
1970-01-01 00:00:01.776783016,sensor_1,24,22,0,0,3,1,1,0,0,0.0
1970-01-01 00:00:01.776783019,sensor_1,24,22,0,0,3,1,1,0,0,0.0
1970-01-01 00:00:01.776783021,sensor_1,24,22,0,0,3,1,1,0,0,0.0
1970-01-01 00:00:01.776783023,sensor_1,24,22,0,0,3,1,1,0,0,0.0
1970-01-01 00:00:01.776783025,sensor_1,24,22,0,0,3,1,1,0,0,0.0
1970-01-01 00:00:01.776783028,sensor_1,24,22,0,0,3,1,1,0,0,0.0
1970-01-01 00:00:01.776783030,sensor_1,24,22,0,0,3,1,1,0,0,0.0
1970-01-01 00:00:01.776783032,sensor_1,24,21,0,0,3,1,1,0,0,0.0
1970-01-01 00:00:01.776783035,sensor_1,24,21,0,0,3,1,1,0,0,0.0
1970-01-01 00:00:01.776783037,sensor_1,24,21,0,0,3,1,1,0,0,0.0
1970-01-01 00:00:01.776783039,sensor_1,24,21,0,0,3,1,1,0,0,0.0
1970-01-01 00:00:01.776783041,sensor_1,24,21,0,0,3,1,1,0,0,0.0
1970-01-01 00:00:01.776783044,sensor_1,24,21,0,0,3,1,1,0,0,0.0
1970-01-01 00:00:01.776783046,sensor_1,24,21,0,0,3,1,1,0,0,0.0
1970-01-01 00:00:01.776783048,sensor_1,24,21,0,0,3,1,1,0,0,0.0
1970-01-01 00:00:01.776783051,sensor_1,24,21,0,0,3,1,1,0,0,0.0
1970-01-01 00:00:01.776783053,sensor_1,24,21,0,0,3,1,1,0,0,0.0
1970-01-01 00:00:01.776783055,sensor_1,24,21,0,0,3,1,1,0,0,0.0
1970-01-01 00:00:01.776783057,sensor_1,24,21,0,0,3,1,1,0,0,0.0
1970-01-01 00:00:01.776783060,sensor_1,24,21,0,0,3,1,1,0,0,0.0
1970-01-01 00:00:01.776783062,sensor_1,24,21,0,0,3,1,1,0,0,0.0
1970-01-01 00:00:01.776783064,sensor_1,24,21,0,0,3,1,1,0,0,0.0
1970-01-01 00:00:01.776783067,sensor_1,24,21,0,0,3,1,1,0,0,0.0
1970-01-01 00:00:01.776783069,sensor_1,24,21,0,0,3,1,1,0,0,0.0
1970-01-01 00:00:01.776783071,sensor_1,24,21,0,0,3,1,1,0,0,0.0
1970-01-01 00:00:01.776783073,sensor_1,24,21,0,0,3,1,1,0,0,0.0
1970-01-01 00:00:01.776783076,sensor_1,24,21,0,0,3,1,1,0,0,0.0
1970-01-01 00:00:01.776783078,sensor_1,24,21,0,0,3,1,1,0,0,0.0
1970-01-01 00:00:01.776783080,sensor_1,24,21,0,0,3,1,1,0,0,0.0
1970-01-01 00:00:01.776783082,sensor_1,24,21,0,0,3,1,1,0,0,0.0
1970-01-01 00:00:01.776783085,sensor_1,24,21,0,0,3,1,1,0,0,0.0
1970-01-01 00:00:01.776783087,sensor_1,24,21,0,0,3,1,1,0,0,0.0
1970-01-01 00:00:01.776783089,sensor_1,24,21,0,0,3,1,1,0,0,0.0
1970-01-01 00:00:01.776783092,sensor_1,24,21,0,0,3,1,1,0,0,0.0
1970-01-01 00:00:01.776783094,sensor_1,24,21,0,0,3,1,1,0,0,0.0
1970-01-01 00:00:01.776783096,sensor_1,24,21,0,0,3,1,1,0,0,0.0
1970-01-01 00:00:01.776783098,sensor_1,24,21,0,0,3,1,1,0,0,0.0
1970-01-01 00:00:01.776783101,sensor_1,24,21,0,0,3,1,1,0,0,0.0
1970-01-01 00:00:01.776783103,sensor_1,24,21,0,0,3,1,1,0,0,0.0
1970-01-01 00:00:01.776783105,sensor_1,24,21,0,0,3,1,1,0,0,0.0
1970-01-01 00:00:01.776783108,sensor_1,24,21,0,0,3,1,1,0,0,0.0
1970-01-01 00:00:01.776783110,sensor_1,24,21,0,0,3,1,1,0,0,0.0
1970-01-01 00:00:01.776783112,sensor_1,24,21,0,0,3,1,1,0,0,0.0
1970-01-01 00:00:01.776783114,sensor_1,24,21,0,0,3,1,1,0,0,0.0
1970-01-01 00:00:01.776783117,sensor_1,24,21,0,0,3,1,1,0,0,0.0
1970-01-01 00:00:01.776783119,sensor_1,24,20,0,0,3,1,1,0,0,0.0
1970-01-01 00:00:01.776783121,sensor_1,24,21,0,0,3,1,1,0,0,0.0
1970-01-01 00:00:01.776783124,sensor_1,24,21,0,0,3,1,1,0,0,0.0
1970-01-01 00:00:01.776783126,sensor_1,24,20,0,0,3,1,1,0,0,0.0
1970-01-01 00:00:01.776783128,sensor_1,24,20,0,0,3,1,1,0,0,0.0
1970-01-01 00:00:01.776783130,sensor_1,24,20,0,0,3,1,1,0,0,0.0
1970-01-01 00:00:01.776783133,sensor_1,24,20,0,0,3,1,1,0,0,0.0
1970-01-01 00:00:01.776783135,sensor_1,24,21,0,0,3,1,1,0,0,0.0
1970-01-01 00:00:01.776783137,sensor_1,24,20,0,0,3,1,1,0,0,0.0
1970-01-01 00:00:01.776783139,sensor_1,24,20,0,0,3,1,1,0,0,0.0
1970-01-01 00:00:01.776783142,sensor_1,24,20,0,0,3,1,1,0,0,0.0
1970-01-01 00:00:01.776783144,sensor_1,24,21,0,0,3,1,1,0,0,0.0
1970-01-01 00:00:01.776783146,sensor_1,24,20,0,0,3,1,1,0,0,0.0
1970-01-01 00:00:01.776783149,sensor_1,24,21,0,0,3,1,1,0,0,0.0
1970-01-01 00:00:01.776783151,sensor_1,24,20,0,0,3,1,1,0,0,0.0
1970-01-01 00:00:01.776783153,sensor_1,24,20,0,0,3,1,1,0,0,0.0
1970-01-01 00:00:01.776783155,sensor_1,24,20,0,0,3,1,1,0,0,0.0
1970-01-01 00:00:01.776783158,sensor_1,24,20,0,0,3,1,1,0,0,0.0
1970-01-01 00:00:01.776783160,sensor_1,24,20,0,0,3,1,1,0,0,0.0
1970-01-01 00:00:01.776783162,sensor_1,24,20,0,0,3,1,1,0,0,0.0
1970-01-01 00:00:01.776783165,sensor_1,24,20,0,0,3,1,1,0,0,0.0
1970-01-01 00:00:01.776783167,sensor_1,24,20,0,0,3,1,1,0,0,0.0
1970-01-01 00:00:01.776783169,sensor_1,24,20,0,0,3,1,1,0,0,0.0
1970-01-01 00:00:01.776783171,sensor_1,24,20,0,0,3,1,1,0,0,0.0
1970-01-01 00:00:01.776783174,sensor_1,24,20,0,0,3,1,1,0,0,0.0
1970-01-01 00:00:01.776783176,sensor_1,24,20,0,0,3,1,1,0,0,0.0
1970-01-01 00:00:01.776783178,sensor_1,24,20,0,0,3,1,1,0,0,0.0
1970-01-01 00:00:01.776783181,sensor_1,24,20,0,0,3,1,1,0,0,0.0
1970-01-01 00:00:01.776783183,sensor_1,24,20,0,0,3,1,1,0,0,0.0
1970-01-01 00:00:01.776783185,sensor_1,24,20,0,0,3,1,1,0,0,0.0
1970-01-01 00:00:01.776783187,sensor_1,24,20,0,0,3,1,1,0,0,0.0
1970-01-01 00:00:01.776783190,sensor_1,24,20,0,0,3,1,1,0,0,0.0
1970-01-01 00:00:01.776783192,sensor_1,24,20,0,0,3,1,1,0,0,0.0
1970-01-01 00:00:01.776783194,sensor_1,24,20,0,0,3,1,1,0,0,0.0
1970-01-01 00:00:01.776783196,sensor_1,24,20,0,0,3,1,1,0,0,0.0
1970-01-01 00:00:01.776783199,sensor_1,24,20,0,0,3,1,1,0,0,0.0
1970-01-01 00:00:01.776783201,sensor_1,24,20,0,0,3,1,1,0,0,0.0
1970-01-01 00:00:01.776783203,sensor_1,24,20,0,0,3,1,1,0,0,0.0
1970-01-01 00:00:01.776783206,sensor_1,24,20,0,0,3,1,1,0,0,0.0
1970-01-01 00:00:01.776783208,sensor_1,24,20,0,0,3,1,1,0,0,0.0
1970-01-01 00:00:01.776783210,sensor_1,24,20,0,0,3,1,1,0,0,0.0
1970-01-01 00:00:01.776783212,sensor_1,24,20,0,0,3,1,1,0,0,0.0
1970-01-01 00:00:01.776783215,sensor_1,24,20,0,0,3,1,1,0,0,0.0
1970-01-01 00:00:01.776783217,sensor_1,24,20,0,0,3,1,1,0,0,0.0
1970-01-01 00:00:01.776783219,sensor_1,24,20,0,0,3,1,1,0,0,0.0
1970-01-01 00:00:01.776783222,sensor_1,24,20,0,0,3,1,1,0,0,0.0
1970-01-01 00:00:01.776783224,sensor_1,24,20,0,0,3,1,1,0,0,0.0
1970-01-01 00:00:01.776783226,sensor_1,24,20,0,0,3,1,1,0,0,0.0
1970-01-01 00:00:01.776783228,sensor_1,24,20,0,0,3,1,1,0,0,0.0
1970-01-01 00:00:01.776783231,sensor_1,24,20,0,0,3,1,1,0,0,0.0
1970-01-01 00:00:01.776783233,sensor_1,24,20,0,0,3,1,1,0,0,0.0
1970-01-01 00:00:01.776783235,sensor_1,24,20,0,0,3,1,1,0,0,0.0
1970-01-01 00:00:01.776783238,sensor_1,24,20,0,0,3,1,1,0,0,0.0
1970-01-01 00:00:01.776783240,sensor_1,24,20,0,0,3,1,1,0,0,0.0
1970-01-01 00:00:01.776783242,sensor_1,24,20,0,0,3,1,1,0,0,0.0
1970-01-01 00:00:01.776783244,sensor_1,24,20,0,0,3,1,1,0,0,0.0
1970-01-01 00:00:01.776783247,sensor_1,24,20,0,0,3,1,1,0,0,0.0
1970-01-01 00:00:01.776783249,sensor_1,24,20,0,0,3,1,1,0,0,0.0
1970-01-01 00:00:01.776783251,sensor_1,24,20,0,0,3,1,1,0,0,0.0
1970-01-01 00:00:01.776783253,sensor_1,24,20,0,0,3,1,1,0,0,0.0
1970-01-01 00:00:01.776783256,sensor_1,24,20,0,0,3,1,1,0,0,0.0
1970-01-01 00:00:01.776783258,sensor_1,24,20,0,0,3,1,1,0,0,0.0
1970-01-01 00:00:01.776783260,sensor_1,24,20,0,0,3,1,1,0,0,0.0
1970-01-01 00:00:01.776783263,sensor_1,24,20,0,0,3,1,1,0,0,0.0
1970-01-01 00:00:01.776783265,sensor_1,24,20,0,0,3,1,1,0,0,0.0
1970-01-01 00:00:01.776783267,sensor_1,24,20,0,0,3,1,1,0,0,0.0
1970-01-01 00:00:01.776783269,sensor_1,24,20,0,0,3,1,1,0,0,0.0
1970-01-01 00:00:01.776783272,sensor_1,24,20,0,0,3,1,1,0,0,0.0
1970-01-01 00:00:01.776783274,sensor_1,24,20,0,0,3,1,1,0,0,0.0
1970-01-01 00:00:01.776783276,sensor_1,24,20,0,0,3,1,1,0,0,0.0
1970-01-01 00:00:01.776783279,sensor_1,24,20,0,0,3,1,1,0,0,0.0
1970-01-01 00:00:01.776783281,sensor_1,24,20,0,0,3,1,1,0,0,0.0
1970-01-01 00:00:01.776783283,sensor_1,24,20,0,0,3,1,1,0,0,0.0
1970-01-01 00:00:01.776783285,sensor_1,24,20,0,0,3,1,1,0,0,0.0
1970-01-01 00:00:01.776783288,sensor_1,24,20,0,0,3,1,1,0,0,0.0
1970-01-01 00:00:01.776783290,sensor_1,24,20,0,0,3,1,1,0,0,0.0
1970-01-01 00:00:01.776783292,sensor_1,24,20,0,0,3,1,1,0,0,0.0
1970-01-01 00:00:01.776783295,sensor_1,24,20,0,0,3,1,1,0,0,0.0
1970-01-01 00:00:01.776783297,sensor_1,24,20,0,0,3,1,1,0,0,0.0
1970-01-01 00:00:01.776783299,sensor_1,24,20,0,0,3,1,1,0,0,0.0
1970-01-01 00:00:01.776783301,sensor_1,24,20,0,0,3,1,1,0,0,0.0
1970-01-01 00:00:01.776783304,sensor_1,24,20,0,0,3,1,1,0,0,0.0
1970-01-01 00:00:01.776783306,sensor_1,24,20,0,0,3,1,1,0,0,0.0
1970-01-01 00:00:01.776783308,sensor_1,24,20,0,0,3,1,1,0,0,0.0
1970-01-01 00:00:01.776783310,sensor_1,24,20,0,0,3,1,1,0,0,0.0
1970-01-01 00:00:01.776783313,sensor_1,24,20,0,0,3,1,1,0,0,0.0
1970-01-01 00:00:01.776783315,sensor_1,24,20,0,0,3,1,1,0,0,0.0
1970-01-01 00:00:01.776783317,sensor_1,24,20,0,0,3,1,1,0,0,0.0
1970-01-01 00:00:01.776783320,sensor_1,24,20,0,0,3,1,1,0,0,0.0
1970-01-01 00:00:01.776783322,sensor_1,24,20,0,0,3,1,1,0,0,0.0
1970-01-01 00:00:01.776783324,sensor_1,24,20,0,0,3,1,1,0,0,0.0
1970-01-01 00:00:01.776783326,sensor_1,24,20,0,0,3,1,1,0,0,0.0
1970-01-01 00:00:01.776783329,sensor_1,24,20,0,0,3,1,1,0,0,0.0
1970-01-01 00:00:01.776783331,sensor_1,24,20,0,0,3,1,1,0,0,0.0
1970-01-01 00:00:01.776783333,sensor_1,24,20,0,0,3,1,1,0,0,0.0
1970-01-01 00:00:01.776783336,sensor_1,24,20,0,0,3,1,1,0,0,0.0
1970-01-01 00:00:01.776783338,sensor_1,24,20,0,0,3,1,1,0,0,0.0
1970-01-01 00:00:01.776783340,sensor_1,24,20,0,0,3,1,1,0,0,0.0
1970-01-01 00:00:01.776783342,sensor_1,24,20,0,0,3,1,1,0,0,0.0
1970-01-01 00:00:01.776783345,sensor_1,24,20,0,0,3,1,1,0,0,0.0
1970-01-01 00:00:01.776783347,sensor_1,24,20,0,0,3,1,1,0,0,0.0
1970-01-01 00:00:01.776783349,sensor_1,24,20,0,0,3,1,1,0,0,0.0
1970-01-01 00:00:01.776783352,sensor_1,24,20,0,0,3,1,1,0,0,0.0
1970-01-01 00:00:01.776783354,sensor_1,24,20,0,0,3,1,1,0,0,0.0
1970-01-01 00:00:01.776783356,sensor_1,24,20,0,0,3,1,1,0,0,0.0
1970-01-01 00:00:01.776783358,sensor_1,24,20,0,0,3,1,1,0,0,0.0
1970-01-01 00:00:01.776783361,sensor_1,24,20,0,0,3,1,1,0,0,0.0
1970-01-01 00:00:01.776783363,sensor_1,24,20,0,0,3,1,1,0,0,0.0
1970-01-01 00:00:01.776783365,sensor_1,24,20,0,0,3,1,1,0,0,0.0
1970-01-01 00:00:01.776783367,sensor_1,24,20,0,0,3,1,1,0,0,0.0
1970-01-01 00:00:01.776783370,sensor_1,24,20,0,0,3,1,1,0,0,0.0
1970-01-01 00:00:01.776783372,sensor_1,24,20,0,0,3,1,1,0,0,0.0
1970-01-01 00:00:01.776783374,sensor_1,24,20,0,0,3,1,1,0,0,0.0
1970-01-01 00:00:01.776783377,sensor_1,24,20,0,0,3,1,1,0,0,0.0
1970-01-01 00:00:01.776783379,sensor_1,24,20,0,0,3,1,1,0,0,0.0
1970-01-01 00:00:01.776783381,sensor_1,24,20,0,0,3,1,1,0,0,0.0
1970-01-01 00:00:01.776783383,sensor_1,24,20,0,0,3,1,1,0,0,0.0
1970-01-01 00:00:01.776783386,sensor_1,24,20,0,0,3,1,1,0,0,0.0
1970-01-01 00:00:01.776783388,sensor_1,24,20,0,0,3,1,1,0,0,0.0
1970-01-01 00:00:01.776783390,sensor_1,24,20,0,0,3,1,1,0,0,0.0
1970-01-01 00:00:01.776783393,sensor_1,24,20,0,0,3,1,1,0,0,0.0
1970-01-01 00:00:01.776783395,sensor_1,24,20,0,0,3,1,1,0,0,0.0
1970-01-01 00:00:01.776783397,sensor_1,24,20,0,0,3,1,1,0,0,0.0
1970-01-01 00:00:01.776783399,sensor_1,24,20,0,0,3,1,1,0,0,0.0
1970-01-01 00:00:01.776783402,sensor_1,24,20,0,0,3,1,1,0,0,0.0
1970-01-01 00:00:01.776783404,sensor_1,24,20,0,0,3,1,1,0,0,0.0
1970-01-01 00:00:01.776783406,sensor_1,24,20,0,0,3,1,1,0,0,0.0
1970-01-01 00:00:01.776783409,sensor_1,24,20,0,0,3,1,1,0,0,0.0
1970-01-01 00:00:01.776783411,sensor_1,24,20,0,0,3,1,1,0,0,0.0
1970-01-01 00:00:01.776783413,sensor_1,24,20,0,0,3,1,1,0,0,0.0
1970-01-01 00:00:01.776783415,sensor_1,24,20,0,0,3,1,1,0,0,0.0
1970-01-01 00:00:01.776783418,sensor_1,24,20,0,0,3,1,1,0,0,0.0
1970-01-01 00:00:01.776783420,sensor_1,24,20,0,0,3,1,1,0,0,0.0
1970-01-01 00:00:01.776783422,sensor_1,24,20,0,0,3,1,1,0,0,0.0
1970-01-01 00:00:01.776783424,sensor_1,24,20,0,0,3,1,1,0,0,0.0
1970-01-01 00:00:01.776783427,sensor_1,24,20,0,0,3,1,1,0,0,0.0
1970-01-01 00:00:01.776783429,sensor_1,24,20,0,0,3,1,1,0,0,0.0
1970-01-01 00:00:01.776783431,sensor_1,24,20,0,0,3,1,1,0,0,0.0
1970-01-01 00:00:01.776783434,sensor_1,24,20,0,0,3,1,1,0,0,0.0
1970-01-01 00:00:01.776783436,sensor_1,24,20,0,0,3,1,1,0,0,0.0
1970-01-01 00:00:01.776783438,sensor_1,24,20,0,0,3,1,1,0,0,0.0
1970-01-01 00:00:01.776783440,sensor_1,24,20,0,0,3,1,1,0,0,0.0
1970-01-01 00:00:01.776783443,sensor_1,24,20,0,0,3,1,1,0,0,0.0
1970-01-01 00:00:01.776783445,sensor_1,24,20,0,0,3,1,1,0,0,0.0
1970-01-01 00:00:01.776783447,sensor_1,24,20,0,0,3,1,1,0,0,0.0
1970-01-01 00:00:01.776783450,sensor_1,24,20,0,0,3,1,1,0,0,0.0
1970-01-01 00:00:01.776783452,sensor_1,24,20,0,0,3,1,1,0,0,0.0
1970-01-01 00:00:01.776783454,sensor_1,24,20,0,0,3,1,1,0,0,0.0
1970-01-01 00:00:01.776783456,sensor_1,24,20,0,0,3,1,1,0,0,0.0
1970-01-01 00:00:01.776783459,sensor_1,24,20,0,0,3,1,1,0,0,0.0
1970-01-01 00:00:01.776783461,sensor_1,24,20,0,0,3,1,1,0,0,0.0
1970-01-01 00:00:01.776783463,sensor_1,24,20,0,0,3,1,1,0,0,0.0
1970-01-01 00:00:01.776783466,sensor_1,24,20,0,0,3,1,1,0,0,0.0
1970-01-01 00:00:01.776783468,sensor_1,24,20,0,0,3,1,1,0,0,0.0
1970-01-01 00:00:01.776783470,sensor_1,24,20,0,0,3,1,1,0,0,0.0
1970-01-01 00:00:01.776783472,sensor_1,24,20,0,0,3,1,1,0,0,0.0
1970-01-01 00:00:01.776783475,sensor_1,24,20,0,0,3,1,1,0,0,0.0
1970-01-01 00:00:01.776783477,sensor_1,24,20,0,0,3,1,1,0,0,0.0
1970-01-01 00:00:01.776783479,sensor_1,24,20,0,0,3,1,1,0,0,0.0
1970-01-01 00:00:01.776783481,sensor_1,24,20,0,0,3,1,1,0,0,0.0
1970-01-01 00:00:01.776783484,sensor_1,24,20,0,0,3,1,1,0,0,0.0
1970-01-01 00:00:01.776783486,sensor_1,24,20,0,0,3,1,1,0,0,0.0
1970-01-01 00:00:01.776783488,sensor_1,24,20,0,0,3,1,1,0,0,0.0
1970-01-01 00:00:01.776783491,sensor_1,24,20,0,0,3,1,1,0,0,0.0
1970-01-01 00:00:01.776783493,sensor_1,24,20,0,0,3,1,1,0,0,0.0
1970-01-01 00:00:01.776783495,sensor_1,24,20,0,0,3,1,1,0,0,0.0
1970-01-01 00:00:01.776783497,sensor_1,24,20,0,0,3,1,1,0,0,0.0
1970-01-01 00:00:01.776783500,sensor_1,24,20,0,0,3,1,1,0,0,0.0
1970-01-01 00:00:01.776783502,sensor_1,24,20,0,0,3,1,1,0,0,0.0
1970-01-01 00:00:01.776783504,sensor_1,24,20,0,0,3,1,1,0,0,0.0
1970-01-01 00:00:01.776783507,sensor_1,24,20,0,0,3,1,1,0,0,0.0
1970-01-01 00:00:01.776783509,sensor_1,24,20,0,0,3,1,1,0,0,0.0
1970-01-01 00:00:01.776783511,sensor_1,24,20,0,0,3,1,1,0,0,0.0
1970-01-01 00:00:01.776783513,sensor_1,24,20,0,0,3,1,1,0,0,0.0
1970-01-01 00:00:01.776783516,sensor_1,24,20,0,0,3,1,1,0,0,0.0
1970-01-01 00:00:01.776783518,sensor_1,24,20,0,0,3,1,1,0,0,0.0
1970-01-01 00:00:01.776783520,sensor_1,24,20,0,0,3,1,1,0,0,0.0
1970-01-01 00:00:01.776783523,sensor_1,24,20,0,0,3,1,1,0,0,0.0
1970-01-01 00:00:01.776783525,sensor_1,24,20,0,0,3,1,1,0,0,0.0
1970-01-01 00:00:01.776783527,sensor_1,24,20,0,0,3,1,1,0,0,0.0
1970-01-01 00:00:01.776783529,sensor_1,24,20,0,0,3,1,1,0,0,0.0
1970-01-01 00:00:01.776783532,sensor_1,24,20,0,0,3,1,1,0,0,0.0
1970-01-01 00:00:01.776783534,sensor_1,24,20,0,0,3,1,1,0,0,0.0
1970-01-01 00:00:01.776783536,sensor_1,24,20,0,0,3,1,1,0,0,0.0
1970-01-01 00:00:01.776783538,sensor_1,24,20,0,0,3,1,1,0,0,0.0
1970-01-01 00:00:01.776783541,sensor_1,24,20,0,0,3,1,1,0,0,0.0
1970-01-01 00:00:01.776783543,sensor_1,24,20,0,0,3,1,1,0,0,0.0
1970-01-01 00:00:01.776783545,sensor_1,24,20,0,0,3,1,1,0,0,0.0
1970-01-01 00:00:01.776783548,sensor_1,24,20,0,0,3,1,1,0,0,0.0
1970-01-01 00:00:01.776783550,sensor_1,24,20,0,0,3,1,1,0,0,0.0
1970-01-01 00:00:01.776783552,sensor_1,24,20,0,0,3,1,1,0,0,0.0
1970-01-01 00:00:01.776783554,sensor_1,24,20,0,0,3,1,1,0,0,0.0
1970-01-01 00:00:01.776783557,sensor_1,24,20,0,0,3,1,1,0,0,0.0
1970-01-01 00:00:01.776783559,sensor_1,24,20,0,0,3,1,1,0,0,0.0
1970-01-01 00:00:01.776783561,sensor_1,24,20,0,0,3,1,1,0,0,0.0
1970-01-01 00:00:01.776783564,sensor_1,24,20,0,0,3,1,1,0,0,0.0
1970-01-01 00:00:01.776783566,sensor_1,24,20,0,0,3,1,1,0,0,0.0
1970-01-01 00:00:01.776783568,sensor_1,24,20,0,0,3,1,1,0,0,0.0
1970-01-01 00:00:01.776783570,sensor_1,24,20,0,0,3,1,1,0,0,0.0
1970-01-01 00:00:01.776783573,sensor_1,24,20,0,0,3,1,1,0,0,0.0
1970-01-01 00:00:01.776783575,sensor_1,24,20,0,0,3,1,1,0,0,0.0
1970-01-01 00:00:01.776783577,sensor_1,24,20,0,0,3,1,1,0,0,0.0
1970-01-01 00:00:01.776783580,sensor_1,24,20,0,0,3,1,1,0,0,0.0
1970-01-01 00:00:01.776783582,sensor_1,24,20,0,0,3,1,1,0,0,0.0
1970-01-01 00:00:01.776783584,sensor_1,24,20,0,0,3,1,1,0,0,0.0
1970-01-01 00:00:01.776783586,sensor_1,24,20,0,0,3,1,1,0,0,0.0
1970-01-01 00:00:01.776783589,sensor_1,24,20,0,0,3,1,1,0,0,0.0
1970-01-01 00:00:01.776783591,sensor_1,24,20,0,0,3,1,1,0,0,0.0
1970-01-01 00:00:01.776783593,sensor_1,24,20,0,0,3,1,1,0,0,0.0
1970-01-01 00:00:01.776783595,sensor_1,24,20,0,0,3,1,1,0,0,0.0
1970-01-01 00:00:01.776783598,sensor_1,24,20,0,0,3,1,1,0,0,0.0
1970-01-01 00:00:01.776783600,sensor_1,24,20,0,0,3,1,1,0,0,0.0
1970-01-01 00:00:01.776783602,sensor_1,24,20,0,0,3,1,1,0,0,0.0
1970-01-01 00:00:01.776783605,sensor_1,24,20,0,0,3,1,1,0,0,0.0
1970-01-01 00:00:01.776783607,sensor_1,24,20,0,0,3,1,1,0,0,0.0
1970-01-01 00:00:01.776783609,sensor_1,24,20,0,0,3,1,1,0,0,0.0
1970-01-01 00:00:01.776783611,sensor_1,24,20,0,0,3,1,1,0,0,0.0
1970-01-01 00:00:01.776783614,sensor_1,24,20,0,0,3,1,1,0,0,0.0
1970-01-01 00:00:01.776783616,sensor_1,24,20,0,0,3,1,1,0,0,0.0
1970-01-01 00:00:01.776783618,sensor_1,24,20,0,0,3,1,1,0,0,0.0
1970-01-01 00:00:01.776783621,sensor_1,24,20,0,0,3,1,1,0,0,0.0
1970-01-01 00:00:01.776783623,sensor_1,24,20,0,0,3,1,1,0,0,0.0
1970-01-01 00:00:01.776783625,sensor_1,24,20,0,0,3,1,1,0,0,0.0
1970-01-01 00:00:01.776783627,sensor_1,24,20,0,0,3,1,1,0,0,0.0
1970-01-01 00:00:01.776783630,sensor_1,24,20,0,0,3,1,1,0,0,0.0
1970-01-01 00:00:01.776783632,sensor_1,24,20,0,0,3,1,1,0,0,0.0
1970-01-01 00:00:01.776783634,sensor_1,24,20,0,0,3,1,1,0,0,0.0
1970-01-01 00:00:01.776783636,sensor_1,24,20,0,0,3,1,1,0,0,0.0
1970-01-01 00:00:01.776783639,sensor_1,24,20,0,0,3,1,1,0,0,0.0
1970-01-01 00:00:01.776783641,sensor_1,24,20,0,0,3,1,1,0,0,0.0
1970-01-01 00:00:01.776783643,sensor_1,24,20,0,0,3,1,1,0,0,0.0
1970-01-01 00:00:01.776783646,sensor_1,24,20,0,0,3,1,1,0,0,0.0
1970-01-01 00:00:01.776783648,sensor_1,24,20,0,0,3,1,1,0,0,0.0
1970-01-01 00:00:01.776783650,sensor_1,24,20,0,0,3,1,1,0,0,0.0
1970-01-01 00:00:01.776783652,sensor_1,24,20,0,0,3,1,1,0,0,0.0
1970-01-01 00:00:01.776783655,sensor_1,24,20,0,0,3,1,1,0,0,0.0
1970-01-01 00:00:01.776783657,sensor_1,24,20,0,0,3,1,1,0,0,0.0
1970-01-01 00:00:01.776783659,sensor_1,24,20,0,0,3,1,1,0,0,0.0
1970-01-01 00:00:01.776783662,sensor_1,24,20,0,0,3,1,1,0,0,0.0
1970-01-01 00:00:01.776783664,sensor_1,24,20,0,0,3,1,1,0,0,0.0
1970-01-01 00:00:01.776783666,sensor_1,24,20,0,0,3,1,1,0,0,0.0
1970-01-01 00:00:01.776783668,sensor_1,24,20,0,0,3,1,1,0,0,0.0
1970-01-01 00:00:01.776783671,sensor_1,24,20,0,0,3,1,1,0,0,0.0
1970-01-01 00:00:01.776783673,sensor_1,24,20,0,0,3,1,1,0,0,0.0
1970-01-01 00:00:01.776783675,sensor_1,24,20,0,0,3,1,1,0,0,0.0
1970-01-01 00:00:01.776783678,sensor_1,24,20,0,0,3,1,1,0,0,0.0
1970-01-01 00:00:01.776783680,sensor_1,24,20,0,0,3,1,1,0,0,0.0
1970-01-01 00:00:01.776783682,sensor_1,24,20,0,0,3,1,1,0,0,0.0
1970-01-01 00:00:01.776783684,sensor_1,24,20,0,0,3,1,1,0,0,0.0
1970-01-01 00:00:01.776783687,sensor_1,24,20,0,0,3,1,1,0,0,0.0
1970-01-01 00:00:01.776783689,sensor_1,24,20,0,0,3,1,1,0,0,0.0
1970-01-01 00:00:01.776783691,sensor_1,24,20,0,0,3,1,1,0,0,0.0
1970-01-01 00:00:01.776783693,sensor_1,24,20,0,0,3,1,1,0,0,0.0
1970-01-01 00:00:01.776783696,sensor_1,24,20,0,0,3,1,1,0,0,0.0
1970-01-01 00:00:01.776783698,sensor_1,24,20,0,0,3,1,1,0,0,0.0
1970-01-01 00:00:01.776783700,sensor_1,24,20,0,0,3,1,1,0,0,0.0
1970-01-01 00:00:01.776783703,sensor_1,24,20,0,0,3,1,1,0,0,0.0
1970-01-01 00:00:01.776783705,sensor_1,24,20,0,0,3,1,1,0,0,0.0
1970-01-01 00:00:01.776783707,sensor_1,24,20,0,0,3,1,1,0,0,0.0
1970-01-01 00:00:01.776783709,sensor_1,24,20,0,0,3,1,1,0,0,0.0
1970-01-01 00:00:01.776783712,sensor_1,24,20,0,0,3,1,1,0,0,0.0
1970-01-01 00:00:01.776783714,sensor_1,24,20,0,0,3,1,1,0,0,0.0
1970-01-01 00:00:01.776783716,sensor_1,24,20,0,0,3,1,1,0,0,0.0
1970-01-01 00:00:01.776783719,sensor_1,24,20,0,0,3,1,1,0,0,0.0
1970-01-01 00:00:01.776783721,sensor_1,24,20,0,0,3,1,1,0,0,0.0
1970-01-01 00:00:01.776783723,sensor_1,24,20,0,0,3,1,1,0,0,0.0
1970-01-01 00:00:01.776783725,sensor_1,24,20,0,0,3,1,1,0,0,0.0
1970-01-01 00:00:01.776783728,sensor_1,24,20,0,0,3,1,1,0,0,0.0
1970-01-01 00:00:01.776783730,sensor_1,24,20,0,0,3,1,1,0,0,0.0
1970-01-01 00:00:01.776783732,sensor_1,24,20,0,0,3,1,1,0,0,0.0
1970-01-01 00:00:01.776783735,sensor_1,24,21,0,0,3,1,1,0,0,0.0
1970-01-01 00:00:01.776783737,sensor_1,24,21,0,0,3,1,1,0,0,0.0
1970-01-01 00:00:01.776783739,sensor_1,24,21,0,0,3,1,1,0,0,0.0
1970-01-01 00:00:01.776783741,sensor_1,24,20,0,0,3,1,1,0,0,0.0
1970-01-01 00:00:01.776783744,sensor_1,24,20,0,0,3,1,1,0,0,0.0
1970-01-01 00:00:01.776783746,sensor_1,24,20,0,0,3,1,1,0,0,0.0
1970-01-01 00:00:01.776783748,sensor_1,24,20,0,0,3,1,1,0,0,0.0
1970-01-01 00:00:01.776783750,sensor_1,24,20,0,0,3,1,1,0,0,0.0
1970-01-01 00:00:01.776783753,sensor_1,24,20,0,0,3,1,1,0,0,0.0
1970-01-01 00:00:01.776783755,sensor_1,24,20,0,0,3,1,1,0,0,0.0
1970-01-01 00:00:01.776783757,sensor_1,24,20,0,0,3,1,1,0,0,0.0
1970-01-01 00:00:01.776783760,sensor_1,24,20,0,0,3,1,1,0,0,0.0
1970-01-01 00:00:01.776783762,sensor_1,24,20,0,0,3,1,1,0,0,0.0
1970-01-01 00:00:01.776783764,sensor_1,24,20,0,0,3,1,1,0,0,0.0
1970-01-01 00:00:01.776783766,sensor_1,24,20,0,0,3,1,1,0,0,0.0
1970-01-01 00:00:01.776783769,sensor_1,24,20,0,0,3,1,1,0,0,0.0
1970-01-01 00:00:01.776783771,sensor_1,24,20,0,0,3,1,1,0,0,0.0
1970-01-01 00:00:01.776783773,sensor_1,24,20,0,0,3,1,1,0,0,0.0
1970-01-01 00:00:01.776783776,sensor_1,24,20,0,0,3,1,1,0,0,0.0
1970-01-01 00:00:01.776783778,sensor_1,24,20,0,0,3,1,1,0,0,0.0
1970-01-01 00:00:01.776783780,sensor_1,24,20,0,0,3,1,1,0,0,0.0
1970-01-01 00:00:01.776783782,sensor_1,24,20,0,0,3,1,1,0,0,0.0
1970-01-01 00:00:01.776783785,sensor_1,24,20,0,0,3,1,1,0,0,0.0
1970-01-01 00:00:01.776783787,sensor_1,24,20,0,0,3,1,1,0,0,0.0
1970-01-01 00:00:01.776783789,sensor_1,24,20,0,0,3,1,1,0,0,0.0
1970-01-01 00:00:01.776783792,sensor_1,24,20,0,0,3,1,1,0,0,0.0
1970-01-01 00:00:01.776783794,sensor_1,24,20,0,0,3,1,1,0,0,0.0
1970-01-01 00:00:01.776783796,sensor_1,24,20,0,0,3,1,1,0,0,0.0
1970-01-01 00:00:01.776783798,sensor_1,24,20,0,0,3,1,1,0,0,0.0
1970-01-01 00:00:01.776783801,sensor_1,24,20,0,0,3,1,1,0,0,0.0
1970-01-01 00:00:01.776783803,sensor_1,24,20,0,0,3,1,1,0,0,0.0
1970-01-01 00:00:01.776783805,sensor_1,24,20,0,0,3,1,1,0,0,0.0
1970-01-01 00:00:01.776783807,sensor_1,24,20,0,0,3,1,1,0,0,0.0
1970-01-01 00:00:01.776783810,sensor_1,24,20,0,0,3,1,1,0,0,0.0
1970-01-01 00:00:01.776783812,sensor_1,24,20,0,0,3,1,1,0,0,0.0
1970-01-01 00:00:01.776783814,sensor_1,24,20,0,0,3,1,1,0,0,0.0
1970-01-01 00:00:01.776783817,sensor_1,24,20,0,0,3,1,1,0,0,0.0
1970-01-01 00:00:01.776783819,sensor_1,24,20,0,0,3,1,1,0,0,0.0
1970-01-01 00:00:01.776783821,sensor_1,24,20,0,0,3,1,1,0,0,0.0
1970-01-01 00:00:01.776783823,sensor_1,24,20,0,0,3,1,1,0,0,0.0
1970-01-01 00:00:01.776783826,sensor_1,24,20,0,0,3,1,1,0,0,0.0
1970-01-01 00:00:01.776783828,sensor_1,24,20,0,0,3,1,1,0,0,0.0
1970-01-01 00:00:01.776783830,sensor_1,24,20,0,0,3,1,1,0,0,0.0
1970-01-01 00:00:01.776783833,sensor_1,24,20,0,0,3,1,1,0,0,0.0
1970-01-01 00:00:01.776783835,sensor_1,24,20,0,0,3,1,1,0,0,0.0
1970-01-01 00:00:01.776783837,sensor_1,24,20,0,0,3,1,1,0,0,0.0
1970-01-01 00:00:01.776783839,sensor_1,24,20,0,0,3,1,1,0,0,0.0
1970-01-01 00:00:01.776783842,sensor_1,24,20,0,0,3,1,1,0,0,0.0
1970-01-01 00:00:01.776783844,sensor_1,24,20,0,0,3,1,1,0,0,0.0
1970-01-01 00:00:01.776783846,sensor_1,24,20,0,0,3,1,1,0,0,0.0
1970-01-01 00:00:01.776783849,sensor_1,24,20,0,0,3,1,1,0,0,0.0
1970-01-01 00:00:01.776783851,sensor_1,24,20,0,0,3,1,1,0,0,0.0
1970-01-01 00:00:01.776783853,sensor_1,24,20,0,0,3,1,1,0,0,0.0
1970-01-01 00:00:01.776783855,sensor_1,24,20,0,0,3,1,1,0,0,0.0
1970-01-01 00:00:01.776783858,sensor_1,24,20,0,0,3,1,1,0,0,0.0
1970-01-01 00:00:01.776783860,sensor_1,24,20,0,0,3,1,1,0,0,0.0
1970-01-01 00:00:01.776783862,sensor_1,24,20,0,0,3,1,1,0,0,0.0
1970-01-01 00:00:01.776783864,sensor_1,24,20,0,0,3,1,1,0,0,0.0
1970-01-01 00:00:01.776783867,sensor_1,24,20,0,0,3,1,1,0,0,0.0
1970-01-01 00:00:01.776783869,sensor_1,24,20,0,0,3,1,1,0,0,0.0
1970-01-01 00:00:01.776783871,sensor_1,24,20,0,0,3,1,1,0,0,0.0
1970-01-01 00:00:01.776783874,sensor_1,24,20,0,0,3,1,1,0,0,0.0
1970-01-01 00:00:01.776783876,sensor_1,24,20,0,0,3,1,1,0,0,0.0
1970-01-01 00:00:01.776783878,sensor_1,24,20,0,0,3,1,1,0,0,0.0
1970-01-01 00:00:01.776783880,sensor_1,24,20,0,0,3,1,1,0,0,0.0
1970-01-01 00:00:01.776783883,sensor_1,24,20,0,0,3,1,1,0,0,0.0
1970-01-01 00:00:01.776783885,sensor_1,24,20,0,0,3,1,1,0,0,0.0
1970-01-01 00:00:01.776783887,sensor_1,24,20,0,0,3,1,1,0,0,0.0
1970-01-01 00:00:01.776783890,sensor_1,24,20,0,0,3,1,1,0,0,0.0
1970-01-01 00:00:01.776783892,sensor_1,24,19,0,0,3,1,1,0,0,0.0
1970-01-01 00:00:01.776783894,sensor_1,24,19,0,0,3,1,1,0,0,0.0
1970-01-01 00:00:01.776783896,sensor_1,24,19,0,0,3,1,1,0,0,0.0
1970-01-01 00:00:01.776783899,sensor_1,24,19,0,0,3,1,1,0,0,0.0
1970-01-01 00:00:01.776783901,sensor_1,24,19,0,0,3,1,1,0,0,0.0
1970-01-01 00:00:01.776783903,sensor_1,24,19,0,0,3,1,1,0,0,0.0
1970-01-01 00:00:01.776783906,sensor_1,24,19,0,0,3,1,1,0,0,0.0
1970-01-01 00:00:01.776783908,sensor_1,24,19,0,0,3,1,1,0,0,0.0
1970-01-01 00:00:01.776783910,sensor_1,24,19,0,0,3,1,1,0,0,0.0
1970-01-01 00:00:01.776783912,sensor_1,24,19,0,0,3,1,1,0,0,0.0
1970-01-01 00:00:01.776783915,sensor_1,24,19,0,0,3,1,1,0,0,0.0
1970-01-01 00:00:01.776783917,sensor_1,24,19,0,0,3,1,1,0,0,0.0
1970-01-01 00:00:01.776783919,sensor_1,24,19,0,0,3,1,1,0,0,0.0
1970-01-01 00:00:01.776783921,sensor_1,24,19,0,0,3,1,1,0,0,0.0
1970-01-01 00:00:01.776783924,sensor_1,24,19,0,0,3,1,1,0,0,0.0
1970-01-01 00:00:01.776783926,sensor_1,24,19,0,0,3,1,1,0,0,0.0
1970-01-01 00:00:01.776783928,sensor_1,24,19,0,0,3,1,1,0,0,0.0
1970-01-01 00:00:01.776783931,sensor_1,24,19,0,0,3,1,1,0,0,0.0
1970-01-01 00:00:01.776783933,sensor_1,24,19,0,0,3,1,1,0,0,0.0
1970-01-01 00:00:01.776783935,sensor_1,24,19,0,0,3,1,1,0,0,0.0
1970-01-01 00:00:01.776783937,sensor_1,24,19,0,0,3,1,1,0,0,0.0
1970-01-01 00:00:01.776783940,sensor_1,24,19,0,0,3,1,1,0,0,0.0
1970-01-01 00:00:01.776783942,sensor_1,24,19,0,0,3,1,1,0,0,0.0
1970-01-01 00:00:01.776783944,sensor_1,24,19,0,0,3,1,1,0,0,0.0
1970-01-01 00:00:01.776783947,sensor_1,24,19,0,0,3,1,1,0,0,0.0
1970-01-01 00:00:01.776783949,sensor_1,24,19,0,0,3,1,1,0,0,0.0
1970-01-01 00:00:01.776783951,sensor_1,24,19,0,0,3,1,1,0,0,0.0
1970-01-01 00:00:01.776783953,sensor_1,24,19,0,0,3,1,1,0,0,0.0
1970-01-01 00:00:01.776783956,sensor_1,24,19,0,0,3,1,1,0,0,0.0
1970-01-01 00:00:01.776783958,sensor_1,24,19,0,0,3,1,1,0,0,0.0
1970-01-01 00:00:01.776783960,sensor_1,24,19,0,0,3,1,1,0,0,0.0
1970-01-01 00:00:01.776783963,sensor_1,24,19,0,0,3,1,1,0,0,0.0
1970-01-01 00:00:01.776783965,sensor_1,24,19,0,0,3,1,1,0,0,0.0
1970-01-01 00:00:01.776783967,sensor_1,24,19,0,0,3,1,1,0,0,0.0
1970-01-01 00:00:01.776783969,sensor_1,24,19,0,0,3,1,1,0,0,0.0
1970-01-01 00:00:01.776783972,sensor_1,24,19,0,0,3,1,1,0,0,0.0
1970-01-01 00:00:01.776783974,sensor_1,24,20,0,0,3,1,1,0,0,0.0
1970-01-01 00:00:01.776783976,sensor_1,24,19,0,0,3,1,1,0,0,0.0
1970-01-01 00:00:01.776783978,sensor_1,24,19,0,0,3,1,1,0,0,0.0
1970-01-01 00:00:01.776783981,sensor_1,24,19,0,0,3,1,1,0,0,0.0
1970-01-01 00:00:01.776783983,sensor_1,24,19,0,0,3,1,1,0,0,0.0
1970-01-01 00:00:01.776783985,sensor_1,24,19,0,0,3,1,1,0,0,0.0
1970-01-01 00:00:01.776783988,sensor_1,24,19,0,0,3,1,1,0,0,0.0
1970-01-01 00:00:01.776783990,sensor_1,24,19,0,0,3,1,1,0,0,0.0
1970-01-01 00:00:01.776783992,sensor_1,24,19,0,0,3,1,1,0,0,0.0
1970-01-01 00:00:01.776783994,sensor_1,24,19,0,0,3,1,1,0,0,0.0
1970-01-01 00:00:01.776783997,sensor_1,24,19,0,0,3,1,1,0,0,0.0
1970-01-01 00:00:01.776783999,sensor_1,24,19,0,0,3,1,1,0,0,0.0
1970-01-01 00:00:01.776784001,sensor_1,24,19,0,0,3,1,1,0,0,0.0
1970-01-01 00:00:01.776784004,sensor_1,24,19,0,0,3,1,1,0,0,0.0
1970-01-01 00:00:01.776784006,sensor_1,24,19,0,0,3,1,1,0,0,0.0
1970-01-01 00:00:01.776784008,sensor_1,24,19,0,0,3,1,1,0,0,0.0
1970-01-01 00:00:01.776784010,sensor_1,24,19,0,0,3,1,1,0,0,0.0
1970-01-01 00:00:01.776784013,sensor_1,24,19,0,0,3,1,1,0,0,0.0
1970-01-01 00:00:01.776784015,sensor_1,24,19,0,0,3,1,1,0,0,0.0
1970-01-01 00:00:01.776784017,sensor_1,24,19,0,0,3,1,1,0,0,0.0
1970-01-01 00:00:01.776784020,sensor_1,24,19,0,0,3,1,1,0,0,0.0
1970-01-01 00:00:01.776784022,sensor_1,24,19,0,0,3,1,1,0,0,0.0
1970-01-01 00:00:01.776784024,sensor_1,24,19,0,0,3,1,1,0,0,0.0
1970-01-01 00:00:01.776784026,sensor_1,24,19,0,0,3,1,1,0,0,0.0
1970-01-01 00:00:01.776784029,sensor_1,24,20,0,0,3,1,1,0,0,0.0
1970-01-01 00:00:01.776784031,sensor_1,24,20,0,0,3,1,1,0,0,0.0
1970-01-01 00:00:01.776784033,sensor_1,24,20,0,0,3,1,1,0,0,0.0
1970-01-01 00:00:01.776784035,sensor_1,24,19,0,0,3,1,1,0,0,0.0
1970-01-01 00:00:01.776784038,sensor_1,24,19,0,0,3,1,1,0,0,0.0
1970-01-01 00:00:01.776784040,sensor_1,24,20,0,0,3,1,1,0,0,0.0
1970-01-01 00:00:01.776784042,sensor_1,24,20,0,0,3,1,1,0,0,0.0
1970-01-01 00:00:01.776784045,sensor_1,24,20,0,0,3,1,1,0,0,0.0
1970-01-01 00:00:01.776784047,sensor_1,24,20,0,0,3,1,1,0,0,0.0
1970-01-01 00:00:01.776784049,sensor_1,24,20,0,0,3,1,1,0,0,0.0
1970-01-01 00:00:01.776784051,sensor_1,24,20,0,0,3,1,1,0,0,0.0
1970-01-01 00:00:01.776784054,sensor_1,24,20,0,0,3,1,1,0,0,0.0
1970-01-01 00:00:01.776784056,sensor_1,24,20,0,0,3,1,1,0,0,0.0
1970-01-01 00:00:01.776784058,sensor_1,24,20,0,0,3,1,1,0,0,0.0
1970-01-01 00:00:01.776784061,sensor_1,24,19,0,0,3,1,1,0,0,0.0
1970-01-01 00:00:01.776784063,sensor_1,24,19,0,0,3,1,1,0,0,0.0
1970-01-01 00:00:01.776784065,sensor_1,24,19,0,0,3,1,1,0,0,0.0
1970-01-01 00:00:01.776784067,sensor_1,24,19,0,0,3,1,1,0,0,0.0
1970-01-01 00:00:01.776784070,sensor_1,24,19,0,0,3,1,1,0,0,0.0
1970-01-01 00:00:01.776784072,sensor_1,24,19,0,0,3,1,1,0,0,0.0
1970-01-01 00:00:01.776784074,sensor_1,24,19,0,0,3,1,1,0,0,0.0
1970-01-01 00:00:01.776784077,sensor_1,24,19,0,0,3,1,1,0,0,0.0
1970-01-01 00:00:01.776784079,sensor_1,24,19,0,0,3,1,1,0,0,0.0
1970-01-01 00:00:01.776784081,sensor_1,24,19,0,0,3,1,1,0,0,0.0
1970-01-01 00:00:01.776784083,sensor_1,24,19,0,0,3,1,1,0,0,0.0
1970-01-01 00:00:01.776784086,sensor_1,24,19,0,0,3,1,1,0,0,0.0
1970-01-01 00:00:01.776784088,sensor_1,24,19,0,0,3,1,1,0,0,0.0
1970-01-01 00:00:01.776784090,sensor_1,24,19,0,0,3,1,1,0,0,0.0
1970-01-01 00:00:01.776784092,sensor_1,24,19,0,0,3,1,1,0,0,0.0
1970-01-01 00:00:01.776784095,sensor_1,24,19,0,0,3,1,1,0,0,0.0
1970-01-01 00:00:01.776784097,sensor_1,24,19,0,0,3,1,1,0,0,0.0
1970-01-01 00:00:01.776784099,sensor_1,24,19,0,0,3,1,1,0,0,0.0
1970-01-01 00:00:01.776784102,sensor_1,24,19,0,0,3,1,1,0,0,0.0
1970-01-01 00:00:01.776784104,sensor_1,24,19,0,0,3,1,1,0,0,0.0
1970-01-01 00:00:01.776784106,sensor_1,24,19,0,0,3,1,1,0,0,0.0
1970-01-01 00:00:01.776784108,sensor_1,24,19,0,0,3,1,1,0,0,0.0
1970-01-01 00:00:01.776784111,sensor_1,24,19,0,0,3,1,1,0,0,0.0
1970-01-01 00:00:01.776784113,sensor_1,24,19,0,0,3,1,1,0,0,0.0
1970-01-01 00:00:01.776784115,sensor_1,24,19,0,0,3,1,1,0,0,0.0
1970-01-01 00:00:01.776784118,sensor_1,24,19,0,0,3,1,1,0,0,0.0
1970-01-01 00:00:01.776784120,sensor_1,24,19,0,0,3,1,1,0,0,0.0
1970-01-01 00:00:01.776784122,sensor_1,24,19,0,0,3,1,1,0,0,0.0
1970-01-01 00:00:01.776784124,sensor_1,24,19,0,0,3,1,1,0,0,0.0
1970-01-01 00:00:01.776784127,sensor_1,24,19,0,0,3,1,1,0,0,0.0
1970-01-01 00:00:01.776784129,sensor_1,24,19,0,0,3,1,1,0,0,0.0
1970-01-01 00:00:01.776784131,sensor_1,24,19,0,0,3,1,1,0,0,0.0
1970-01-01 00:00:01.776784134,sensor_1,24,19,0,0,3,1,1,0,0,0.0
1970-01-01 00:00:01.776784136,sensor_1,24,19,0,0,3,1,1,0,0,0.0
1970-01-01 00:00:01.776784138,sensor_1,24,19,0,0,3,1,1,0,0,0.0
1970-01-01 00:00:01.776784140,sensor_1,24,19,0,0,3,1,1,0,0,0.0
1970-01-01 00:00:01.776784143,sensor_1,24,19,0,0,3,1,1,0,0,0.0
1970-01-01 00:00:01.776784145,sensor_1,24,19,0,0,3,1,1,0,0,0.0
1970-01-01 00:00:01.776784147,sensor_1,24,19,0,0,3,1,1,0,0,0.0
1970-01-01 00:00:01.776784149,sensor_1,24,19,0,0,3,1,1,0,0,0.0
1970-01-01 00:00:01.776784152,sensor_1,24,19,0,0,3,1,1,0,0,0.0
1970-01-01 00:00:01.776784154,sensor_1,24,19,0,0,3,1,1,0,0,0.0
1970-01-01 00:00:01.776784156,sensor_1,24,19,0,0,3,1,1,0,0,0.0
1970-01-01 00:00:01.776784159,sensor_1,24,19,0,0,3,1,1,0,0,0.0
1970-01-01 00:00:01.776784161,sensor_1,24,19,0,0,3,1,1,0,0,0.0
1970-01-01 00:00:01.776784163,sensor_1,24,19,0,0,3,1,1,0,0,0.0
1970-01-01 00:00:01.776784165,sensor_1,24,19,0,0,3,1,1,0,0,0.0
1970-01-01 00:00:01.776784168,sensor_1,24,19,0,0,3,1,1,0,0,0.0
1970-01-01 00:00:01.776784170,sensor_1,24,19,0,0,3,1,1,0,0,0.0
1970-01-01 00:00:01.776784172,sensor_1,24,19,0,0,3,1,1,0,0,0.0
1970-01-01 00:00:01.776784175,sensor_1,24,19,0,0,3,1,1,0,0,0.0
1970-01-01 00:00:01.776784177,sensor_1,24,19,0,0,3,1,1,0,0,0.0
1970-01-01 00:00:01.776784179,sensor_1,24,19,0,0,3,1,1,0,0,0.0
1970-01-01 00:00:01.776784181,sensor_1,24,19,0,0,3,1,1,0,0,0.0
1970-01-01 00:00:01.776784184,sensor_1,24,19,0,0,3,1,1,0,0,0.0
1970-01-01 00:00:01.776784186,sensor_1,24,19,0,0,3,1,1,0,0,0.0
1970-01-01 00:00:01.776784188,sensor_1,24,19,0,0,3,1,1,0,0,0.0
1970-01-01 00:00:01.776784190,sensor_1,24,19,0,0,3,1,1,0,0,0.0
1970-01-01 00:00:01.776784193,sensor_1,24,19,0,0,3,1,1,0,0,0.0
1970-01-01 00:00:01.776784195,sensor_1,24,19,0,0,3,1,1,0,0,0.0
1970-01-01 00:00:01.776784197,sensor_1,24,19,0,0,3,1,1,0,0,0.0
1970-01-01 00:00:01.776784200,sensor_1,24,19,0,0,3,1,1,0,0,0.0
1970-01-01 00:00:01.776784202,sensor_1,24,19,0,0,3,1,1,0,0,0.0
1970-01-01 00:00:01.776784204,sensor_1,24,19,0,0,3,1,1,0,0,0.0
1970-01-01 00:00:01.776784206,sensor_1,24,19,0,0,3,1,1,0,0,0.0
1970-01-01 00:00:01.776784209,sensor_1,24,19,0,0,3,1,1,0,0,0.0
1970-01-01 00:00:01.776784211,sensor_1,24,19,0,0,3,1,1,0,0,0.0
1970-01-01 00:00:01.776784213,sensor_1,24,19,0,0,3,1,1,0,0,0.0
1970-01-01 00:00:01.776784216,sensor_1,24,19,0,0,3,1,1,0,0,0.0
1970-01-01 00:00:01.776784218,sensor_1,24,19,0,0,3,1,1,0,0,0.0
1970-01-01 00:00:01.776784220,sensor_1,24,19,0,0,3,1,1,0,0,0.0
1970-01-01 00:00:01.776784222,sensor_1,24,19,0,0,3,1,1,0,0,0.0
1970-01-01 00:00:01.776784225,sensor_1,24,19,0,0,3,1,1,0,0,0.0
1970-01-01 00:00:01.776784227,sensor_1,24,19,0,0,3,1,1,0,0,0.0
1970-01-01 00:00:01.776784229,sensor_1,24,19,0,0,3,1,1,0,0,0.0
1970-01-01 00:00:01.776784232,sensor_1,24,19,0,0,3,1,1,0,0,0.0
1970-01-01 00:00:01.776784234,sensor_1,24,19,0,0,3,1,1,0,0,0.0
1970-01-01 00:00:01.776784236,sensor_1,24,19,0,0,3,1,1,0,0,0.0
1970-01-01 00:00:01.776784238,sensor_1,24,19,0,0,3,1,1,0,0,0.0
1970-01-01 00:00:01.776784241,sensor_1,24,19,0,0,3,1,1,0,0,0.0
1970-01-01 00:00:01.776784243,sensor_1,24,19,0,0,3,1,1,0,0,0.0
1970-01-01 00:00:01.776784245,sensor_1,24,19,0,0,3,1,1,0,0,0.0
1970-01-01 00:00:01.776784247,sensor_1,24,19,0,0,3,1,1,0,0,0.0
1970-01-01 00:00:01.776784250,sensor_1,24,19,0,0,3,1,1,0,0,0.0
1970-01-01 00:00:01.776784252,sensor_1,24,19,0,0,3,1,1,0,0,0.0
1970-01-01 00:00:01.776784254,sensor_1,24,19,0,0,3,1,1,0,0,0.0
1970-01-01 00:00:01.776784257,sensor_1,24,19,0,0,3,1,1,0,0,0.0
1970-01-01 00:00:01.776784259,sensor_1,24,19,0,0,3,1,1,0,0,0.0
1970-01-01 00:00:01.776784261,sensor_1,24,19,0,0,3,1,1,0,0,0.0
1970-01-01 00:00:01.776784263,sensor_1,24,19,0,0,3,1,1,0,0,0.0
1970-01-01 00:00:01.776784266,sensor_1,24,19,0,0,3,1,1,0,0,0.0
1970-01-01 00:00:01.776784268,sensor_1,24,19,0,0,3,1,1,0,0,0.0
1970-01-01 00:00:01.776784270,sensor_1,24,19,0,0,3,1,1,0,0,0.0
1970-01-01 00:00:01.776784273,sensor_1,24,19,0,0,3,1,1,0,0,0.0
1970-01-01 00:00:01.776784275,sensor_1,24,19,0,0,3,1,1,0,0,0.0
1970-01-01 00:00:01.776784277,sensor_1,24,19,0,0,3,1,1,0,0,0.0
1970-01-01 00:00:01.776784279,sensor_1,24,19,0,0,3,1,1,0,0,0.0
1970-01-01 00:00:01.776784282,sensor_1,24,19,0,0,3,1,1,0,0,0.0
1970-01-01 00:00:01.776784284,sensor_1,24,19,0,0,3,1,1,0,0,0.0
1970-01-01 00:00:01.776784286,sensor_1,24,19,0,0,3,1,1,0,0,0.0
1970-01-01 00:00:01.776784289,sensor_1,24,19,0,0,3,1,1,0,0,0.0
1970-01-01 00:00:01.776784291,sensor_1,24,19,0,0,3,1,1,0,0,0.0
1970-01-01 00:00:01.776784293,sensor_1,24,19,0,0,3,1,1,0,0,0.0
1970-01-01 00:00:01.776784295,sensor_1,24,19,0,0,3,1,1,0,0,0.0
1970-01-01 00:00:01.776784298,sensor_1,24,19,0,0,3,1,1,0,0,0.0
1970-01-01 00:00:01.776784300,sensor_1,24,19,0,0,3,1,1,0,0,0.0
1970-01-01 00:00:01.776784302,sensor_1,24,19,0,0,3,1,1,0,0,0.0
1970-01-01 00:00:01.776784304,sensor_1,24,19,0,0,3,1,1,0,0,0.0
1970-01-01 00:00:01.776784307,sensor_1,24,19,0,0,3,1,1,0,0,0.0
1970-01-01 00:00:01.776784309,sensor_1,24,19,0,0,3,1,1,0,0,0.0
1970-01-01 00:00:01.776784311,sensor_1,24,19,0,0,3,1,1,0,0,0.0
1970-01-01 00:00:01.776784314,sensor_1,24,19,0,0,3,1,1,0,0,0.0
1970-01-01 00:00:01.776784316,sensor_1,24,19,0,0,3,1,1,0,0,0.0
1970-01-01 00:00:01.776784318,sensor_1,24,19,0,0,3,1,1,0,0,0.0
1970-01-01 00:00:01.776784320,sensor_1,24,19,0,0,3,1,1,0,0,0.0
1970-01-01 00:00:01.776784323,sensor_1,24,19,0,0,3,1,1,0,0,0.0
1970-01-01 00:00:01.776784325,sensor_1,24,19,0,0,3,1,1,0,0,0.0
1970-01-01 00:00:01.776784327,sensor_1,24,19,0,0,3,1,1,0,0,0.0
1970-01-01 00:00:01.776784330,sensor_1,24,19,0,0,3,1,1,0,0,0.0
1970-01-01 00:00:01.776784332,sensor_1,24,19,0,0,3,1,1,0,0,0.0
1970-01-01 00:00:01.776784334,sensor_1,24,19,0,0,3,1,1,0,0,0.0
1970-01-01 00:00:01.776784336,sensor_1,24,19,0,0,3,1,1,0,0,0.0
1970-01-01 00:00:01.776784339,sensor_1,24,19,0,0,3,1,1,0,0,0.0
1970-01-01 00:00:01.776784341,sensor_1,24,19,0,0,3,1,1,0,0,0.0
1970-01-01 00:00:01.776784343,sensor_1,24,19,0,0,3,1,1,0,0,0.0
1970-01-01 00:00:01.776784346,sensor_1,24,19,0,0,3,1,1,0,0,0.0
1970-01-01 00:00:01.776784348,sensor_1,24,19,0,0,3,1,1,0,0,0.0
1970-01-01 00:00:01.776784350,sensor_1,24,19,0,0,3,1,1,0,0,0.0
1970-01-01 00:00:01.776784352,sensor_1,24,19,0,0,3,1,1,0,0,0.0
1970-01-01 00:00:01.776784355,sensor_1,24,19,0,0,3,1,1,0,0,0.0
1970-01-01 00:00:01.776784357,sensor_1,24,19,0,0,3,1,1,0,0,0.0
1970-01-01 00:00:01.776784359,sensor_1,24,19,0,0,3,1,1,0,0,0.0
1970-01-01 00:00:01.776784361,sensor_1,24,19,0,0,3,1,1,0,0,0.0
1970-01-01 00:00:01.776784364,sensor_1,24,19,0,0,3,1,1,0,0,0.0
1970-01-01 00:00:01.776784366,sensor_1,24,19,0,0,3,1,1,0,0,0.0
1970-01-01 00:00:01.776784368,sensor_1,24,19,0,0,3,1,1,0,0,0.0
1970-01-01 00:00:01.776784371,sensor_1,24,19,0,0,3,1,1,0,0,0.0
1970-01-01 00:00:01.776784373,sensor_1,24,19,0,0,3,1,1,0,0,0.0
1970-01-01 00:00:01.776784375,sensor_1,24,19,0,0,3,1,1,0,0,0.0
1970-01-01 00:00:01.776784377,sensor_1,24,19,0,0,3,1,1,0,0,0.0
1970-01-01 00:00:01.776784380,sensor_1,24,19,0,0,3,1,1,0,0,0.0
1970-01-01 00:00:01.776784382,sensor_1,24,19,0,0,3,1,1,0,0,0.0
1970-01-01 00:00:01.776784384,sensor_1,24,19,0,0,3,1,1,0,0,0.0
1970-01-01 00:00:01.776784387,sensor_1,24,19,0,0,3,1,1,0,0,0.0
1970-01-01 00:00:01.776784389,sensor_1,24,19,0,0,3,1,1,0,0,0.0
1970-01-01 00:00:01.776784391,sensor_1,24,19,0,0,3,1,1,0,0,0.0
1970-01-01 00:00:01.776784393,sensor_1,24,19,0,0,3,1,1,0,0,0.0
1970-01-01 00:00:01.776784396,sensor_1,24,19,0,0,3,1,1,0,0,0.0
1970-01-01 00:00:01.776784398,sensor_1,24,19,0,0,3,1,1,0,0,0.0
1970-01-01 00:00:01.776784400,sensor_1,24,19,0,0,3,1,1,0,0,0.0
1970-01-01 00:00:01.776784403,sensor_1,24,19,0,0,3,1,1,0,0,0.0
1970-01-01 00:00:01.776784405,sensor_1,24,19,0,0,3,1,1,0,0,0.0
1970-01-01 00:00:01.776784407,sensor_1,24,19,0,0,3,1,1,0,0,0.0
1970-01-01 00:00:01.776784409,sensor_1,24,19,0,0,3,1,1,0,0,0.0
1970-01-01 00:00:01.776784412,sensor_1,24,19,0,0,3,1,1,0,0,0.0
1970-01-01 00:00:01.776784414,sensor_1,24,19,0,0,3,1,1,0,0,0.0
1970-01-01 00:00:01.776784416,sensor_1,24,19,0,0,3,1,1,0,0,0.0
1970-01-01 00:00:01.776784418,sensor_1,24,19,0,0,3,1,1,0,0,0.0
1970-01-01 00:00:01.776784421,sensor_1,24,19,0,0,3,1,1,0,0,0.0
1970-01-01 00:00:01.776784423,sensor_1,24,19,0,0,3,1,1,0,0,0.0
1970-01-01 00:00:01.776784425,sensor_1,24,19,0,0,3,1,1,0,0,0.0
1970-01-01 00:00:01.776784428,sensor_1,24,19,0,0,3,1,1,0,0,0.0
1970-01-01 00:00:01.776784430,sensor_1,24,19,0,0,3,1,1,0,0,0.0
1970-01-01 00:00:01.776784432,sensor_1,24,19,0,0,3,1,1,0,0,0.0
1970-01-01 00:00:01.776784434,sensor_1,24,19,0,0,3,1,1,0,0,0.0
1970-01-01 00:00:01.776784437,sensor_1,24,19,0,0,3,1,1,0,0,0.0
1970-01-01 00:00:01.776784439,sensor_1,24,19,0,0,3,1,1,0,0,0.0
1970-01-01 00:00:01.776784441,sensor_1,24,19,0,0,3,1,1,0,0,0.0
1970-01-01 00:00:01.776784444,sensor_1,24,19,0,0,3,1,1,0,0,0.0
1970-01-01 00:00:01.776784446,sensor_1,24,20,0,0,3,1,1,0,0,0.0
1970-01-01 00:00:01.776784448,sensor_1,24,19,0,0,3,1,1,0,0,0.0
1970-01-01 00:00:01.776784450,sensor_1,24,20,0,0,3,1,1,0,0,0.0
1970-01-01 00:00:01.776784453,sensor_1,24,19,0,0,3,1,1,0,0,0.0
1970-01-01 00:00:01.776784455,sensor_1,24,19,0,0,3,1,1,0,0,0.0
1970-01-01 00:00:01.776784457,sensor_1,24,19,0,0,3,1,1,0,0,0.0
